2025-07-27 16:52:02,124 - __main__ - INFO - Comprehensive Emotion Recognition System Initialized
2025-07-27 16:52:02,124 - __main__ - INFO - Output directory: csv_data
2025-07-27 16:52:02,125 - __main__ - INFO - Checkpoint directory: csv_data\checkpoints
2025-07-27 16:52:02,125 - __main__ - INFO - Checkpoint Status:
2025-07-27 16:52:02,125 - __main__ - INFO -   Stage 1: [Not found]
2025-07-27 16:52:02,125 - __main__ - INFO -   Stage 2: [Not found]
2025-07-27 16:52:02,125 - __main__ - INFO -   Stage 3: [Not found]
2025-07-27 16:52:02,125 - __main__ - INFO -   Stage 4: [Not found]
2025-07-27 16:52:02,126 - __main__ - INFO -   Stage 5: [Not found]
2025-07-27 16:52:02,126 - __main__ - INFO -   Stage 6: [Not found]
2025-07-27 16:52:02,126 - __main__ - INFO - Starting comprehensive pipeline for stages: [1, 2]
2025-07-27 16:52:02,126 - __main__ - INFO - Validating data access...
2025-07-27 16:52:02,127 - data_processing.seed_iv_loader - INFO - SeedIVLoader initialized with base path: C:\Users\piyus\Downloads\SEED_IV\SEED_IV\eeg_feature_smooth
2025-07-27 16:52:02,127 - data_processing.seed_iv_loader - INFO - Scanning SEED-IV dataset...
2025-07-27 16:52:02,128 - data_processing.seed_iv_loader - INFO - Session 1: Found 15 .mat files
2025-07-27 16:52:02,128 - data_processing.seed_iv_loader - INFO - Session 2: Found 15 .mat files
2025-07-27 16:52:02,128 - data_processing.seed_iv_loader - INFO - Session 3: Found 15 .mat files
2025-07-27 16:52:02,129 - data_processing.seed_iv_loader - INFO - Total files found: 45
2025-07-27 16:52:02,129 - __main__ - INFO - Data validation successful. Found 3 subjects
2025-07-27 16:52:02,129 - __main__ - INFO - 
============================================================
2025-07-27 16:52:02,129 - __main__ - INFO - Running Stage 1: Traditional Baseline
2025-07-27 16:52:02,130 - __main__ - INFO - Target Accuracy: 75.0%
2025-07-27 16:52:02,130 - models.stage1_traditional - INFO - TraditionalBaseline initialized with target accuracy: 72.5%
2025-07-27 16:52:02,130 - models.stage1_traditional - INFO - Running Stage 1: Traditional Baseline Pipeline
2025-07-27 16:52:02,131 - data_processing.seed_iv_loader - INFO - SeedIVLoader initialized with base path: C:\Users\piyus\Downloads\SEED_IV\SEED_IV\eeg_feature_smooth
2025-07-27 16:52:02,131 - data_processing.seed_iv_loader - INFO - Loading all subjects with feature type: de_LDS
2025-07-27 16:52:02,131 - data_processing.seed_iv_loader - INFO - TESTING MODE: Using only 2 subjects with limited samples
2025-07-27 16:52:02,131 - data_processing.seed_iv_loader - INFO - Loading data for Subject 1 (all sessions)
2025-07-27 16:52:02,312 - data_processing.seed_iv_loader - INFO - Loaded Subject 1: 2505 samples, 2 feature types
2025-07-27 16:52:02,314 - data_processing.seed_iv_loader - INFO - TESTING: Limited Subject 1 to 100 samples
2025-07-27 16:52:02,314 - data_processing.seed_iv_loader - INFO - Subject 1: 100 samples
2025-07-27 16:52:02,314 - data_processing.seed_iv_loader - INFO - Loading data for Subject 2 (all sessions)
2025-07-27 16:52:02,488 - data_processing.seed_iv_loader - INFO - Loaded Subject 2: 2505 samples, 2 feature types
2025-07-27 16:52:02,490 - data_processing.seed_iv_loader - INFO - TESTING: Limited Subject 2 to 100 samples
2025-07-27 16:52:02,490 - data_processing.seed_iv_loader - INFO - Subject 2: 100 samples
2025-07-27 16:52:02,491 - data_processing.seed_iv_loader - INFO - Combined dataset: 200 samples, 310 features
2025-07-27 16:52:02,492 - models.stage1_traditional - INFO - Loaded 200 samples from 200 subjects
2025-07-27 16:52:02,493 - models.stage1_traditional - INFO - Training traditional baseline model...
2025-07-27 16:52:02,493 - models.stage1_traditional - INFO - Training data: 160 samples, 310 features
2025-07-27 16:52:02,493 - models.stage1_traditional - INFO - Creating traditional baseline pipeline...
2025-07-27 16:52:02,494 - models.stage1_traditional - INFO - Pipeline created with 2 steps
2025-07-27 16:52:02,551 - models.stage1_traditional - INFO - Training completed in 0.00 seconds
2025-07-27 16:52:02,551 - models.stage1_traditional - INFO - CV Mean Accuracy: 0.8812 ± 0.0538
2025-07-27 16:52:02,551 - models.stage1_traditional - INFO - Evaluating model on 40 test samples...
2025-07-27 16:52:02,559 - models.stage1_traditional - INFO - Evaluation completed in 0.00 seconds
2025-07-27 16:52:02,559 - models.stage1_traditional - INFO - Test Accuracy: 0.9750 (97.5%)
2025-07-27 16:52:02,559 - models.stage1_traditional - INFO - F1 Score (Macro): 0.9726
2025-07-27 16:52:02,559 - models.stage1_traditional - INFO - Target Achievement: [ACHIEVED]
2025-07-27 16:52:02,562 - models.stage1_traditional - INFO - Model saved to: csv_data\stage1_results\traditional_baseline_model.joblib
2025-07-27 16:52:03,284 - __main__ - ERROR - Stage 1 failed: '0'
2025-07-27 16:52:03,286 - __main__ - ERROR - Detailed error:
Traceback (most recent call last):
  File "D:\eeg-python-code\eeg-seed-IV\comprehensive_emotion_recognition\main.py", line 247, in run_stage
    result = model.run_complete_pipeline(
             ^^^^^^^^^^^^^^^^^^^^^^^^^^^^
  File "D:\eeg-python-code\eeg-seed-IV\comprehensive_emotion_recognition\models\stage1_traditional.py", line 595, in run_complete_pipeline
    self.plot_results(save_path=output_dir / "stage1_results.png")
  File "D:\eeg-python-code\eeg-seed-IV\comprehensive_emotion_recognition\models\stage1_traditional.py", line 392, in plot_results
    f1_scores = [class_report[str(i)]['f1-score'] for i in range(len(emotions))]
                 ~~~~~~~~~~~~^^^^^^^^
KeyError: '0'
2025-07-27 16:52:03,287 - __main__ - INFO - Stage 1 result saved to: csv_data\stage_1_result.json
2025-07-27 16:52:03,288 - __main__ - INFO - 
============================================================
2025-07-27 16:52:03,288 - __main__ - INFO - Running Stage 2: Enhanced Features
2025-07-27 16:52:03,288 - __main__ - INFO - Target Accuracy: 80.0%
2025-07-27 16:52:03,289 - models.stage2_enhanced - INFO - EnhancedFeaturesModel initialized with target accuracy: 77.5%
2025-07-27 16:52:03,289 - models.stage2_enhanced - INFO - Running Stage 2: Enhanced Features Pipeline
2025-07-27 16:52:03,289 - data_processing.seed_iv_loader - INFO - SeedIVLoader initialized with base path: C:\Users\piyus\Downloads\SEED_IV\SEED_IV\eeg_feature_smooth
2025-07-27 16:52:03,290 - data_processing.seed_iv_loader - INFO - Loading all subjects with feature type: de_LDS
2025-07-27 16:52:03,290 - data_processing.seed_iv_loader - INFO - TESTING MODE: Using only 2 subjects with limited samples
2025-07-27 16:52:03,290 - data_processing.seed_iv_loader - INFO - Loading data for Subject 1 (all sessions)
2025-07-27 16:52:03,458 - data_processing.seed_iv_loader - INFO - Loaded Subject 1: 2505 samples, 2 feature types
2025-07-27 16:52:03,459 - data_processing.seed_iv_loader - INFO - TESTING: Limited Subject 1 to 100 samples
2025-07-27 16:52:03,460 - data_processing.seed_iv_loader - INFO - Subject 1: 100 samples
2025-07-27 16:52:03,460 - data_processing.seed_iv_loader - INFO - Loading data for Subject 2 (all sessions)
2025-07-27 16:52:03,621 - data_processing.seed_iv_loader - INFO - Loaded Subject 2: 2505 samples, 2 feature types
2025-07-27 16:52:03,623 - data_processing.seed_iv_loader - INFO - TESTING: Limited Subject 2 to 100 samples
2025-07-27 16:52:03,623 - data_processing.seed_iv_loader - INFO - Subject 2: 100 samples
2025-07-27 16:52:03,623 - data_processing.seed_iv_loader - INFO - Combined dataset: 200 samples, 310 features
2025-07-27 16:52:03,624 - models.stage2_enhanced - INFO - Loaded 200 samples from 200 subjects
2025-07-27 16:52:03,626 - models.stage2_enhanced - INFO - Training enhanced features model...
2025-07-27 16:52:03,627 - models.stage2_enhanced - INFO - Training data: 160 samples, 310 features
2025-07-27 16:52:03,627 - models.stage2_enhanced - INFO - Extracting enhanced multi-domain features...
2025-07-27 16:52:03,627 - data_processing.feature_engineering - INFO - AdvancedFeatureEngineer initialized: 62 channels, 5 frequency bands
2025-07-27 16:52:03,627 - data_processing.feature_engineering - INFO - Extracting features: ['spatial', 'temporal', 'frequency', 'connectivity']
2025-07-27 16:52:03,628 - data_processing.feature_engineering - INFO - Extracting spatial features...
2025-07-27 16:52:03,687 - data_processing.feature_engineering - INFO - Extracted 20 spatial features
2025-07-27 16:52:03,688 - data_processing.feature_engineering - INFO - Extracting temporal features...
2025-07-27 16:52:03,847 - data_processing.feature_engineering - INFO - Extracted 14 temporal features
2025-07-27 16:52:03,848 - data_processing.feature_engineering - INFO - Extracting frequency domain features...
2025-07-27 16:52:03,882 - data_processing.feature_engineering - INFO - Extracted 8 frequency domain features
2025-07-27 16:52:03,882 - data_processing.feature_engineering - INFO - Extracting connectivity features...
2025-07-27 16:52:03,915 - data_processing.feature_engineering - INFO - Extracted 30 connectivity features
2025-07-27 16:52:03,916 - data_processing.feature_engineering - INFO - Combined features shape: (160, 72)
2025-07-27 16:52:03,916 - models.stage2_enhanced - INFO - Enhanced features shape: (160, 72)
2025-07-27 16:52:03,916 - models.stage2_enhanced - INFO - Feature expansion: 310 -> 72 (0.2x)
2025-07-27 16:52:03,917 - models.stage2_enhanced - INFO - Feature selection using mutual_info...
2025-07-27 16:52:03,917 - models.stage2_enhanced - WARNING - Unknown feature selection method: mutual_info
2025-07-27 16:52:03,917 - models.stage2_enhanced - INFO - Optimizing Random Forest hyperparameters...
2025-07-27 16:52:03,917 - __main__ - ERROR - Stage 2 failed: 'Stage2Config' object has no attribute 'use_randomized_search'
2025-07-27 16:52:03,918 - __main__ - ERROR - Detailed error:
Traceback (most recent call last):
  File "D:\eeg-python-code\eeg-seed-IV\comprehensive_emotion_recognition\main.py", line 254, in run_stage
    result = model.run_complete_pipeline(
             ^^^^^^^^^^^^^^^^^^^^^^^^^^^^
  File "D:\eeg-python-code\eeg-seed-IV\comprehensive_emotion_recognition\models\stage2_enhanced.py", line 661, in run_complete_pipeline
    train_results = self.train(X_train, y_train, optimize_hyperparams=True)
                    ^^^^^^^^^^^^^^^^^^^^^^^^^^^^^^^^^^^^^^^^^^^^^^^^^^^^^^^
  File "D:\eeg-python-code\eeg-seed-IV\comprehensive_emotion_recognition\models\stage2_enhanced.py", line 293, in train
    self.model = self.optimize_hyperparameters(selected_features, y_train)
                 ^^^^^^^^^^^^^^^^^^^^^^^^^^^^^^^^^^^^^^^^^^^^^^^^^^^^^^^^^
  File "D:\eeg-python-code\eeg-seed-IV\comprehensive_emotion_recognition\models\stage2_enhanced.py", line 222, in optimize_hyperparameters
    if self.stage_config.use_randomized_search:
       ^^^^^^^^^^^^^^^^^^^^^^^^^^^^^^^^^^^^^^^
AttributeError: 'Stage2Config' object has no attribute 'use_randomized_search'
2025-07-27 16:52:03,920 - __main__ - INFO - Stage 2 result saved to: csv_data\stage_2_result.json
2025-07-27 16:52:03,920 - __main__ - INFO - Generating comprehensive report...
2025-07-27 16:52:03,921 - __main__ - INFO - Report saved to: csv_data\comprehensive_report.txt
2025-07-27 16:52:03,921 - __main__ - INFO - Pipeline completed in 1.8 seconds
2025-07-27 16:53:40,466 - __main__ - INFO - Comprehensive Emotion Recognition System Initialized
2025-07-27 16:53:40,466 - __main__ - INFO - Output directory: csv_data
2025-07-27 16:53:40,466 - __main__ - INFO - Checkpoint directory: csv_data\checkpoints
2025-07-27 16:53:40,466 - __main__ - INFO - Checkpoint Status:
2025-07-27 16:53:40,466 - __main__ - INFO -   Stage 1: [Not found]
2025-07-27 16:53:40,466 - __main__ - INFO -   Stage 2: [Not found]
2025-07-27 16:53:40,467 - __main__ - INFO -   Stage 3: [Not found]
2025-07-27 16:53:40,467 - __main__ - INFO -   Stage 4: [Not found]
2025-07-27 16:53:40,467 - __main__ - INFO -   Stage 5: [Not found]
2025-07-27 16:53:40,467 - __main__ - INFO -   Stage 6: [Not found]
2025-07-27 16:53:40,467 - __main__ - INFO - Starting comprehensive pipeline for stages: [1, 2]
2025-07-27 16:53:40,467 - __main__ - INFO - Validating data access...
2025-07-27 16:53:40,467 - data_processing.seed_iv_loader - INFO - SeedIVLoader initialized with base path: C:\Users\piyus\Downloads\SEED_IV\SEED_IV\eeg_feature_smooth
2025-07-27 16:53:40,467 - data_processing.seed_iv_loader - INFO - Scanning SEED-IV dataset...
2025-07-27 16:53:40,468 - data_processing.seed_iv_loader - INFO - Session 1: Found 15 .mat files
2025-07-27 16:53:40,468 - data_processing.seed_iv_loader - INFO - Session 2: Found 15 .mat files
2025-07-27 16:53:40,468 - data_processing.seed_iv_loader - INFO - Session 3: Found 15 .mat files
2025-07-27 16:53:40,469 - data_processing.seed_iv_loader - INFO - Total files found: 45
2025-07-27 16:53:40,469 - __main__ - INFO - Data validation successful. Found 3 subjects
2025-07-27 16:53:40,469 - __main__ - INFO - 
============================================================
2025-07-27 16:53:40,469 - __main__ - INFO - Running Stage 1: Traditional Baseline
2025-07-27 16:53:40,469 - __main__ - INFO - Target Accuracy: 75.0%
2025-07-27 16:53:40,469 - models.stage1_traditional - INFO - TraditionalBaseline initialized with target accuracy: 72.5%
2025-07-27 16:53:40,469 - models.stage1_traditional - INFO - Running Stage 1: Traditional Baseline Pipeline
2025-07-27 16:53:40,469 - data_processing.seed_iv_loader - INFO - SeedIVLoader initialized with base path: C:\Users\piyus\Downloads\SEED_IV\SEED_IV\eeg_feature_smooth
2025-07-27 16:53:40,470 - data_processing.seed_iv_loader - INFO - Loading all subjects with feature type: de_LDS
2025-07-27 16:53:40,470 - data_processing.seed_iv_loader - INFO - TESTING MODE: Using only 2 subjects with limited samples
2025-07-27 16:53:40,470 - data_processing.seed_iv_loader - INFO - Loading data for Subject 1 (all sessions)
2025-07-27 16:53:40,638 - data_processing.seed_iv_loader - INFO - Loaded Subject 1: 2505 samples, 2 feature types
2025-07-27 16:53:40,639 - data_processing.seed_iv_loader - INFO - TESTING: Limited Subject 1 to 100 samples
2025-07-27 16:53:40,639 - data_processing.seed_iv_loader - INFO - Subject 1: 100 samples
2025-07-27 16:53:40,639 - data_processing.seed_iv_loader - INFO - Loading data for Subject 2 (all sessions)
2025-07-27 16:53:40,799 - data_processing.seed_iv_loader - INFO - Loaded Subject 2: 2505 samples, 2 feature types
2025-07-27 16:53:40,800 - data_processing.seed_iv_loader - INFO - TESTING: Limited Subject 2 to 100 samples
2025-07-27 16:53:40,801 - data_processing.seed_iv_loader - INFO - Subject 2: 100 samples
2025-07-27 16:53:40,801 - data_processing.seed_iv_loader - INFO - Combined dataset: 200 samples, 310 features
2025-07-27 16:53:40,802 - models.stage1_traditional - INFO - Loaded 200 samples from 200 subjects
2025-07-27 16:53:40,803 - models.stage1_traditional - INFO - Training traditional baseline model...
2025-07-27 16:53:40,804 - models.stage1_traditional - INFO - Training data: 160 samples, 310 features
2025-07-27 16:53:40,804 - models.stage1_traditional - INFO - Creating traditional baseline pipeline...
2025-07-27 16:53:40,804 - models.stage1_traditional - INFO - Pipeline created with 2 steps
2025-07-27 16:53:40,859 - models.stage1_traditional - INFO - Training completed in 0.00 seconds
2025-07-27 16:53:40,859 - models.stage1_traditional - INFO - CV Mean Accuracy: 0.8812 ± 0.0538
2025-07-27 16:53:40,859 - models.stage1_traditional - INFO - Evaluating model on 40 test samples...
2025-07-27 16:53:40,868 - models.stage1_traditional - INFO - Evaluation completed in 0.00 seconds
2025-07-27 16:53:40,868 - models.stage1_traditional - INFO - Test Accuracy: 0.9750 (97.5%)
2025-07-27 16:53:40,868 - models.stage1_traditional - INFO - F1 Score (Macro): 0.9726
2025-07-27 16:53:40,868 - models.stage1_traditional - INFO - Target Achievement: [ACHIEVED]
2025-07-27 16:53:40,870 - models.stage1_traditional - INFO - Model saved to: csv_data\stage1_results\traditional_baseline_model.joblib
2025-07-27 16:53:41,091 - __main__ - ERROR - Stage 1 failed: shape mismatch: objects cannot be broadcast to a single shape.  Mismatch is between arg 0 with shape (4,) and arg 1 with shape (3,).
2025-07-27 16:53:41,091 - __main__ - ERROR - Detailed error:
Traceback (most recent call last):
  File "D:\eeg-python-code\eeg-seed-IV\comprehensive_emotion_recognition\main.py", line 247, in run_stage
    result = model.run_complete_pipeline(
             ^^^^^^^^^^^^^^^^^^^^^^^^^^^^
  File "D:\eeg-python-code\eeg-seed-IV\comprehensive_emotion_recognition\models\stage1_traditional.py", line 601, in run_complete_pipeline
    self.plot_results(save_path=output_dir / "stage1_results.png")
  File "D:\eeg-python-code\eeg-seed-IV\comprehensive_emotion_recognition\models\stage1_traditional.py", line 403, in plot_results
    axes[0, 1].bar(x_pos_acc, accuracies, 0.4, label='Accuracy', alpha=0.8)
  File "D:\eeg-python-code\eeg-seed-IV\.venv\Lib\site-packages\matplotlib\__init__.py", line 1521, in inner
    return func(
           ^^^^^
  File "D:\eeg-python-code\eeg-seed-IV\.venv\Lib\site-packages\matplotlib\axes\_axes.py", line 2583, in bar
    x, height, width, y, linewidth, hatch = np.broadcast_arrays(
                                            ^^^^^^^^^^^^^^^^^^^^
  File "D:\eeg-python-code\eeg-seed-IV\.venv\Lib\site-packages\numpy\lib\stride_tricks.py", line 540, in broadcast_arrays
    shape = _broadcast_shape(*args)
            ^^^^^^^^^^^^^^^^^^^^^^^
  File "D:\eeg-python-code\eeg-seed-IV\.venv\Lib\site-packages\numpy\lib\stride_tricks.py", line 422, in _broadcast_shape
    b = np.broadcast(*args[:32])
        ^^^^^^^^^^^^^^^^^^^^^^^^
ValueError: shape mismatch: objects cannot be broadcast to a single shape.  Mismatch is between arg 0 with shape (4,) and arg 1 with shape (3,).
2025-07-27 16:53:41,131 - __main__ - INFO - Stage 1 result saved to: csv_data\stage_1_result.json
2025-07-27 16:53:41,131 - __main__ - INFO - 
============================================================
2025-07-27 16:53:41,131 - __main__ - INFO - Running Stage 2: Enhanced Features
2025-07-27 16:53:41,131 - __main__ - INFO - Target Accuracy: 80.0%
2025-07-27 16:53:41,131 - models.stage2_enhanced - INFO - EnhancedFeaturesModel initialized with target accuracy: 77.5%
2025-07-27 16:53:41,131 - models.stage2_enhanced - INFO - Running Stage 2: Enhanced Features Pipeline
2025-07-27 16:53:41,132 - data_processing.seed_iv_loader - INFO - SeedIVLoader initialized with base path: C:\Users\piyus\Downloads\SEED_IV\SEED_IV\eeg_feature_smooth
2025-07-27 16:53:41,132 - data_processing.seed_iv_loader - INFO - Loading all subjects with feature type: de_LDS
2025-07-27 16:53:41,132 - data_processing.seed_iv_loader - INFO - TESTING MODE: Using only 2 subjects with limited samples
2025-07-27 16:53:41,132 - data_processing.seed_iv_loader - INFO - Loading data for Subject 1 (all sessions)
2025-07-27 16:53:41,313 - data_processing.seed_iv_loader - INFO - Loaded Subject 1: 2505 samples, 2 feature types
2025-07-27 16:53:41,315 - data_processing.seed_iv_loader - INFO - TESTING: Limited Subject 1 to 100 samples
2025-07-27 16:53:41,315 - data_processing.seed_iv_loader - INFO - Subject 1: 100 samples
2025-07-27 16:53:41,315 - data_processing.seed_iv_loader - INFO - Loading data for Subject 2 (all sessions)
2025-07-27 16:53:41,470 - data_processing.seed_iv_loader - INFO - Loaded Subject 2: 2505 samples, 2 feature types
2025-07-27 16:53:41,471 - data_processing.seed_iv_loader - INFO - TESTING: Limited Subject 2 to 100 samples
2025-07-27 16:53:41,471 - data_processing.seed_iv_loader - INFO - Subject 2: 100 samples
2025-07-27 16:53:41,472 - data_processing.seed_iv_loader - INFO - Combined dataset: 200 samples, 310 features
2025-07-27 16:53:41,473 - models.stage2_enhanced - INFO - Loaded 200 samples from 200 subjects
2025-07-27 16:53:41,474 - models.stage2_enhanced - INFO - Training enhanced features model...
2025-07-27 16:53:41,474 - models.stage2_enhanced - INFO - Training data: 160 samples, 310 features
2025-07-27 16:53:41,475 - models.stage2_enhanced - INFO - Extracting enhanced multi-domain features...
2025-07-27 16:53:41,475 - data_processing.feature_engineering - INFO - AdvancedFeatureEngineer initialized: 62 channels, 5 frequency bands
2025-07-27 16:53:41,475 - data_processing.feature_engineering - INFO - Extracting features: ['spatial', 'temporal', 'frequency', 'connectivity']
2025-07-27 16:53:41,475 - data_processing.feature_engineering - INFO - Extracting spatial features...
2025-07-27 16:53:41,533 - data_processing.feature_engineering - INFO - Extracted 20 spatial features
2025-07-27 16:53:41,533 - data_processing.feature_engineering - INFO - Extracting temporal features...
2025-07-27 16:53:41,691 - data_processing.feature_engineering - INFO - Extracted 14 temporal features
2025-07-27 16:53:41,691 - data_processing.feature_engineering - INFO - Extracting frequency domain features...
2025-07-27 16:53:41,727 - data_processing.feature_engineering - INFO - Extracted 8 frequency domain features
2025-07-27 16:53:41,727 - data_processing.feature_engineering - INFO - Extracting connectivity features...
2025-07-27 16:53:41,756 - data_processing.feature_engineering - INFO - Extracted 30 connectivity features
2025-07-27 16:53:41,756 - data_processing.feature_engineering - INFO - Combined features shape: (160, 72)
2025-07-27 16:53:41,756 - models.stage2_enhanced - INFO - Enhanced features shape: (160, 72)
2025-07-27 16:53:41,756 - models.stage2_enhanced - INFO - Feature expansion: 310 -> 72 (0.2x)
2025-07-27 16:53:41,757 - models.stage2_enhanced - INFO - Feature selection using mutual_info...
2025-07-27 16:53:41,757 - models.stage2_enhanced - WARNING - Unknown feature selection method: mutual_info
2025-07-27 16:53:41,757 - models.stage2_enhanced - INFO - Optimizing Random Forest hyperparameters...
2025-07-27 16:53:41,758 - __main__ - ERROR - Stage 2 failed: 'Stage2Config' object has no attribute 'use_randomized_search'
2025-07-27 16:53:41,758 - __main__ - ERROR - Detailed error:
Traceback (most recent call last):
  File "D:\eeg-python-code\eeg-seed-IV\comprehensive_emotion_recognition\main.py", line 254, in run_stage
    result = model.run_complete_pipeline(
             ^^^^^^^^^^^^^^^^^^^^^^^^^^^^
  File "D:\eeg-python-code\eeg-seed-IV\comprehensive_emotion_recognition\models\stage2_enhanced.py", line 661, in run_complete_pipeline
    train_results = self.train(X_train, y_train, optimize_hyperparams=True)
                    ^^^^^^^^^^^^^^^^^^^^^^^^^^^^^^^^^^^^^^^^^^^^^^^^^^^^^^^
  File "D:\eeg-python-code\eeg-seed-IV\comprehensive_emotion_recognition\models\stage2_enhanced.py", line 293, in train
    self.model = self.optimize_hyperparameters(selected_features, y_train)
                 ^^^^^^^^^^^^^^^^^^^^^^^^^^^^^^^^^^^^^^^^^^^^^^^^^^^^^^^^^
  File "D:\eeg-python-code\eeg-seed-IV\comprehensive_emotion_recognition\models\stage2_enhanced.py", line 222, in optimize_hyperparameters
    if self.stage_config.use_randomized_search:
       ^^^^^^^^^^^^^^^^^^^^^^^^^^^^^^^^^^^^^^^
AttributeError: 'Stage2Config' object has no attribute 'use_randomized_search'
2025-07-27 16:53:41,759 - __main__ - INFO - Stage 2 result saved to: csv_data\stage_2_result.json
2025-07-27 16:53:41,760 - __main__ - INFO - Generating comprehensive report...
2025-07-27 16:53:41,760 - __main__ - INFO - Report saved to: csv_data\comprehensive_report.txt
2025-07-27 16:53:41,760 - __main__ - INFO - Pipeline completed in 1.3 seconds
2025-07-27 16:54:51,272 - __main__ - INFO - Comprehensive Emotion Recognition System Initialized
2025-07-27 16:54:51,273 - __main__ - INFO - Output directory: csv_data
2025-07-27 16:54:51,273 - __main__ - INFO - Checkpoint directory: csv_data\checkpoints
2025-07-27 16:54:51,273 - __main__ - INFO - Checkpoint Status:
2025-07-27 16:54:51,273 - __main__ - INFO -   Stage 1: [Not found]
2025-07-27 16:54:51,273 - __main__ - INFO -   Stage 2: [Not found]
2025-07-27 16:54:51,273 - __main__ - INFO -   Stage 3: [Not found]
2025-07-27 16:54:51,273 - __main__ - INFO -   Stage 4: [Not found]
2025-07-27 16:54:51,274 - __main__ - INFO -   Stage 5: [Not found]
2025-07-27 16:54:51,274 - __main__ - INFO -   Stage 6: [Not found]
2025-07-27 16:54:51,274 - __main__ - INFO - Starting comprehensive pipeline for stages: [1, 2]
2025-07-27 16:54:51,274 - __main__ - INFO - Validating data access...
2025-07-27 16:54:51,274 - data_processing.seed_iv_loader - INFO - SeedIVLoader initialized with base path: C:\Users\piyus\Downloads\SEED_IV\SEED_IV\eeg_feature_smooth
2025-07-27 16:54:51,274 - data_processing.seed_iv_loader - INFO - Scanning SEED-IV dataset...
2025-07-27 16:54:51,275 - data_processing.seed_iv_loader - INFO - Session 1: Found 15 .mat files
2025-07-27 16:54:51,275 - data_processing.seed_iv_loader - INFO - Session 2: Found 15 .mat files
2025-07-27 16:54:51,275 - data_processing.seed_iv_loader - INFO - Session 3: Found 15 .mat files
2025-07-27 16:54:51,275 - data_processing.seed_iv_loader - INFO - Total files found: 45
2025-07-27 16:54:51,276 - __main__ - INFO - Data validation successful. Found 3 subjects
2025-07-27 16:54:51,276 - __main__ - INFO - 
============================================================
2025-07-27 16:54:51,276 - __main__ - INFO - Running Stage 1: Traditional Baseline
2025-07-27 16:54:51,276 - __main__ - INFO - Target Accuracy: 75.0%
2025-07-27 16:54:51,276 - models.stage1_traditional - INFO - TraditionalBaseline initialized with target accuracy: 72.5%
2025-07-27 16:54:51,276 - models.stage1_traditional - INFO - Running Stage 1: Traditional Baseline Pipeline
2025-07-27 16:54:51,276 - data_processing.seed_iv_loader - INFO - SeedIVLoader initialized with base path: C:\Users\piyus\Downloads\SEED_IV\SEED_IV\eeg_feature_smooth
2025-07-27 16:54:51,276 - data_processing.seed_iv_loader - INFO - Loading all subjects with feature type: de_LDS
2025-07-27 16:54:51,276 - data_processing.seed_iv_loader - INFO - TESTING MODE: Using only 2 subjects with limited samples
2025-07-27 16:54:51,277 - data_processing.seed_iv_loader - INFO - Loading data for Subject 1 (all sessions)
2025-07-27 16:54:51,451 - data_processing.seed_iv_loader - INFO - Loaded Subject 1: 2505 samples, 2 feature types
2025-07-27 16:54:51,453 - data_processing.seed_iv_loader - INFO - TESTING: Limited Subject 1 to 100 samples
2025-07-27 16:54:51,455 - data_processing.seed_iv_loader - INFO - Subject 1: 100 samples
2025-07-27 16:54:51,455 - data_processing.seed_iv_loader - INFO - Loading data for Subject 2 (all sessions)
2025-07-27 16:54:51,633 - data_processing.seed_iv_loader - INFO - Loaded Subject 2: 2505 samples, 2 feature types
2025-07-27 16:54:51,634 - data_processing.seed_iv_loader - INFO - TESTING: Limited Subject 2 to 100 samples
2025-07-27 16:54:51,634 - data_processing.seed_iv_loader - INFO - Subject 2: 100 samples
2025-07-27 16:54:51,635 - data_processing.seed_iv_loader - INFO - Combined dataset: 200 samples, 310 features
2025-07-27 16:54:51,636 - models.stage1_traditional - INFO - Loaded 200 samples from 200 subjects
2025-07-27 16:54:51,637 - models.stage1_traditional - INFO - Training traditional baseline model...
2025-07-27 16:54:51,637 - models.stage1_traditional - INFO - Training data: 160 samples, 310 features
2025-07-27 16:54:51,637 - models.stage1_traditional - INFO - Creating traditional baseline pipeline...
2025-07-27 16:54:51,637 - models.stage1_traditional - INFO - Pipeline created with 2 steps
2025-07-27 16:54:51,694 - models.stage1_traditional - INFO - Training completed in 0.01 seconds
2025-07-27 16:54:51,694 - models.stage1_traditional - INFO - CV Mean Accuracy: 0.8812 ± 0.0538
2025-07-27 16:54:51,694 - models.stage1_traditional - INFO - Evaluating model on 40 test samples...
2025-07-27 16:54:51,702 - models.stage1_traditional - INFO - Evaluation completed in 0.00 seconds
2025-07-27 16:54:51,702 - models.stage1_traditional - INFO - Test Accuracy: 0.9750 (97.5%)
2025-07-27 16:54:51,703 - models.stage1_traditional - INFO - F1 Score (Macro): 0.9726
2025-07-27 16:54:51,703 - models.stage1_traditional - INFO - Target Achievement: [ACHIEVED]
2025-07-27 16:54:51,705 - models.stage1_traditional - INFO - Model saved to: csv_data\stage1_results\traditional_baseline_model.joblib
2025-07-27 16:54:52,513 - models.stage1_traditional - INFO - Results plot saved to: csv_data\stage1_results\stage1_results.png
2025-07-27 16:55:05,252 - __main__ - INFO - Target accuracy ACHIEVED: 97.5% vs 75.0%
2025-07-27 16:55:05,257 - __main__ - INFO - Checkpoint saved: csv_data\checkpoints\stage_1_checkpoint.joblib
2025-07-27 16:55:05,257 - __main__ - INFO - Stage 1 completed in 14.0 seconds
2025-07-27 16:55:05,264 - __main__ - INFO - Stage 1 result saved to: csv_data\stage_1_result.json
2025-07-27 16:55:05,265 - __main__ - INFO - 
============================================================
2025-07-27 16:55:05,265 - __main__ - INFO - Running Stage 2: Enhanced Features
2025-07-27 16:55:05,265 - __main__ - INFO - Target Accuracy: 80.0%
2025-07-27 16:55:05,266 - models.stage2_enhanced - INFO - EnhancedFeaturesModel initialized with target accuracy: 77.5%
2025-07-27 16:55:05,266 - models.stage2_enhanced - INFO - Running Stage 2: Enhanced Features Pipeline
2025-07-27 16:55:05,266 - data_processing.seed_iv_loader - INFO - SeedIVLoader initialized with base path: C:\Users\piyus\Downloads\SEED_IV\SEED_IV\eeg_feature_smooth
2025-07-27 16:55:05,266 - data_processing.seed_iv_loader - INFO - Loading all subjects with feature type: de_LDS
2025-07-27 16:55:05,267 - data_processing.seed_iv_loader - INFO - TESTING MODE: Using only 2 subjects with limited samples
2025-07-27 16:55:05,267 - data_processing.seed_iv_loader - INFO - Loading data for Subject 1 (all sessions)
2025-07-27 16:55:05,427 - data_processing.seed_iv_loader - INFO - Loaded Subject 1: 2505 samples, 2 feature types
2025-07-27 16:55:05,428 - data_processing.seed_iv_loader - INFO - TESTING: Limited Subject 1 to 100 samples
2025-07-27 16:55:05,428 - data_processing.seed_iv_loader - INFO - Subject 1: 100 samples
2025-07-27 16:55:05,428 - data_processing.seed_iv_loader - INFO - Loading data for Subject 2 (all sessions)
2025-07-27 16:55:05,591 - data_processing.seed_iv_loader - INFO - Loaded Subject 2: 2505 samples, 2 feature types
2025-07-27 16:55:05,595 - data_processing.seed_iv_loader - INFO - TESTING: Limited Subject 2 to 100 samples
2025-07-27 16:55:05,596 - data_processing.seed_iv_loader - INFO - Subject 2: 100 samples
2025-07-27 16:55:05,596 - data_processing.seed_iv_loader - INFO - Combined dataset: 200 samples, 310 features
2025-07-27 16:55:05,597 - models.stage2_enhanced - INFO - Loaded 200 samples from 200 subjects
2025-07-27 16:55:05,600 - models.stage2_enhanced - INFO - Training enhanced features model...
2025-07-27 16:55:05,601 - models.stage2_enhanced - INFO - Training data: 160 samples, 310 features
2025-07-27 16:55:05,601 - models.stage2_enhanced - INFO - Extracting enhanced multi-domain features...
2025-07-27 16:55:05,601 - data_processing.feature_engineering - INFO - AdvancedFeatureEngineer initialized: 62 channels, 5 frequency bands
2025-07-27 16:55:05,601 - data_processing.feature_engineering - INFO - Extracting features: ['spatial', 'temporal', 'frequency', 'connectivity']
2025-07-27 16:55:05,601 - data_processing.feature_engineering - INFO - Extracting spatial features...
2025-07-27 16:55:05,674 - data_processing.feature_engineering - INFO - Extracted 20 spatial features
2025-07-27 16:55:05,674 - data_processing.feature_engineering - INFO - Extracting temporal features...
2025-07-27 16:55:05,830 - data_processing.feature_engineering - INFO - Extracted 14 temporal features
2025-07-27 16:55:05,830 - data_processing.feature_engineering - INFO - Extracting frequency domain features...
2025-07-27 16:55:05,873 - data_processing.feature_engineering - INFO - Extracted 8 frequency domain features
2025-07-27 16:55:05,873 - data_processing.feature_engineering - INFO - Extracting connectivity features...
2025-07-27 16:55:05,909 - data_processing.feature_engineering - INFO - Extracted 30 connectivity features
2025-07-27 16:55:05,910 - data_processing.feature_engineering - INFO - Combined features shape: (160, 72)
2025-07-27 16:55:05,910 - models.stage2_enhanced - INFO - Enhanced features shape: (160, 72)
2025-07-27 16:55:05,910 - models.stage2_enhanced - INFO - Feature expansion: 310 -> 72 (0.2x)
2025-07-27 16:55:05,911 - models.stage2_enhanced - INFO - Feature selection using mutual_info...
2025-07-27 16:55:05,911 - models.stage2_enhanced - WARNING - Unknown feature selection method: mutual_info
2025-07-27 16:55:05,911 - models.stage2_enhanced - INFO - Optimizing Random Forest hyperparameters...
2025-07-27 16:55:21,742 - models.stage2_enhanced - INFO - Best parameters: {'n_estimators': 300, 'min_samples_split': 5, 'min_samples_leaf': 2, 'max_features': None, 'max_depth': 20, 'bootstrap': True}
2025-07-27 16:55:21,742 - models.stage2_enhanced - INFO - Best CV score: 0.9750
2025-07-27 16:55:26,716 - models.stage2_enhanced - INFO - Training completed in 16.14 seconds
2025-07-27 16:55:26,716 - models.stage2_enhanced - INFO - Feature pipeline: 310 -> 72 -> 72
2025-07-27 16:55:26,716 - models.stage2_enhanced - INFO - CV Mean Accuracy: 0.9750 ± 0.0234
2025-07-27 16:55:26,716 - models.stage2_enhanced - INFO - Evaluating model on 40 test samples...
2025-07-27 16:55:26,717 - data_processing.feature_engineering - INFO - Extracting features: ['spatial', 'temporal', 'frequency', 'connectivity']
2025-07-27 16:55:26,717 - data_processing.feature_engineering - INFO - Extracting spatial features...
2025-07-27 16:55:26,731 - data_processing.feature_engineering - INFO - Extracted 20 spatial features
2025-07-27 16:55:26,731 - data_processing.feature_engineering - INFO - Extracting temporal features...
2025-07-27 16:55:26,769 - data_processing.feature_engineering - INFO - Extracted 14 temporal features
2025-07-27 16:55:26,769 - data_processing.feature_engineering - INFO - Extracting frequency domain features...
2025-07-27 16:55:26,782 - data_processing.feature_engineering - INFO - Extracted 8 frequency domain features
2025-07-27 16:55:26,782 - data_processing.feature_engineering - INFO - Extracting connectivity features...
2025-07-27 16:55:26,791 - data_processing.feature_engineering - INFO - Extracted 30 connectivity features
2025-07-27 16:55:26,791 - data_processing.feature_engineering - INFO - Combined features shape: (40, 72)
2025-07-27 16:55:26,793 - __main__ - ERROR - Stage 2 failed: 'NoneType' object has no attribute 'transform'
2025-07-27 16:55:26,793 - __main__ - ERROR - Detailed error:
Traceback (most recent call last):
  File "D:\eeg-python-code\eeg-seed-IV\comprehensive_emotion_recognition\main.py", line 254, in run_stage
    result = model.run_complete_pipeline(
             ^^^^^^^^^^^^^^^^^^^^^^^^^^^^
  File "D:\eeg-python-code\eeg-seed-IV\comprehensive_emotion_recognition\models\stage2_enhanced.py", line 664, in run_complete_pipeline
    eval_results = self.evaluate(X_test, y_test)
                   ^^^^^^^^^^^^^^^^^^^^^^^^^^^^^
  File "D:\eeg-python-code\eeg-seed-IV\comprehensive_emotion_recognition\models\stage2_enhanced.py", line 377, in evaluate
    selected_features = self.feature_selector.transform(enhanced_features_scaled)
                        ^^^^^^^^^^^^^^^^^^^^^^^^^^^^^^^
AttributeError: 'NoneType' object has no attribute 'transform'
2025-07-27 16:55:26,795 - __main__ - INFO - Stage 2 result saved to: csv_data\stage_2_result.json
2025-07-27 16:55:26,795 - __main__ - INFO - Generating comprehensive report...
2025-07-27 16:55:26,795 - __main__ - INFO - Report saved to: csv_data\comprehensive_report.txt
2025-07-27 16:55:26,796 - __main__ - INFO - Pipeline completed in 35.5 seconds
2025-07-27 17:34:03,740 - __main__ - INFO - Comprehensive Emotion Recognition System Initialized
2025-07-27 17:34:03,741 - __main__ - INFO - Output directory: csv_data
2025-07-27 17:34:03,741 - __main__ - INFO - Checkpoint directory: csv_data\checkpoints
2025-07-27 17:34:03,742 - __main__ - INFO - Checkpoint Status:
2025-07-27 17:34:03,742 - __main__ - INFO -   Stage 1: [Not found]
2025-07-27 17:34:03,742 - __main__ - INFO -   Stage 2: [Not found]
2025-07-27 17:34:03,742 - __main__ - INFO -   Stage 3: [Not found]
2025-07-27 17:34:03,742 - __main__ - INFO -   Stage 4: [Not found]
2025-07-27 17:34:03,742 - __main__ - INFO -   Stage 5: [Not found]
2025-07-27 17:34:03,742 - __main__ - INFO -   Stage 6: [Not found]
2025-07-27 17:34:03,743 - __main__ - INFO - Starting comprehensive pipeline for stages: [1, 2]
2025-07-27 17:34:03,743 - __main__ - INFO - Validating data access...
2025-07-27 17:34:03,743 - data_processing.seed_iv_loader - INFO - SeedIVLoader initialized with base path: C:\Users\piyus\Downloads\SEED_IV\SEED_IV\eeg_feature_smooth
2025-07-27 17:34:03,743 - data_processing.seed_iv_loader - INFO - Scanning SEED-IV dataset...
2025-07-27 17:34:03,744 - data_processing.seed_iv_loader - INFO - Session 1: Found 15 .mat files
2025-07-27 17:34:03,745 - data_processing.seed_iv_loader - INFO - Session 2: Found 15 .mat files
2025-07-27 17:34:03,745 - data_processing.seed_iv_loader - INFO - Session 3: Found 15 .mat files
2025-07-27 17:34:03,746 - data_processing.seed_iv_loader - INFO - Total files found: 45
2025-07-27 17:34:03,747 - __main__ - INFO - Data validation successful. Found 3 subjects
2025-07-27 17:34:03,748 - __main__ - INFO - 
============================================================
2025-07-27 17:34:03,748 - __main__ - INFO - Running Stage 1: Traditional Baseline
2025-07-27 17:34:03,749 - __main__ - INFO - Target Accuracy: 75.0%
2025-07-27 17:34:03,749 - models.stage1_traditional - INFO - TraditionalBaseline initialized with target accuracy: 72.5%
2025-07-27 17:34:03,750 - models.stage1_traditional - INFO - Running Stage 1: Traditional Baseline Pipeline
2025-07-27 17:34:03,751 - data_processing.seed_iv_loader - INFO - SeedIVLoader initialized with base path: C:\Users\piyus\Downloads\SEED_IV\SEED_IV\eeg_feature_smooth
2025-07-27 17:34:03,751 - data_processing.seed_iv_loader - INFO - Loading all subjects with feature type: de_LDS
2025-07-27 17:34:03,751 - data_processing.seed_iv_loader - INFO - OPTIMIZED MODE: Using 5 subjects with 500 samples each (~2,500 total samples)
2025-07-27 17:34:03,751 - data_processing.seed_iv_loader - INFO - Loading data for Subject 1 (all sessions)
2025-07-27 17:34:03,907 - data_processing.seed_iv_loader - INFO - Loaded Subject 1: 2505 samples, 2 feature types
2025-07-27 17:34:03,914 - data_processing.seed_iv_loader - INFO - OPTIMIZED: Limited Subject 1 to 500 samples
2025-07-27 17:34:03,915 - data_processing.seed_iv_loader - INFO - Subject 1: 500 samples
2025-07-27 17:34:03,915 - data_processing.seed_iv_loader - INFO - Loading data for Subject 2 (all sessions)
2025-07-27 17:34:04,085 - data_processing.seed_iv_loader - INFO - Loaded Subject 2: 2505 samples, 2 feature types
2025-07-27 17:34:04,091 - data_processing.seed_iv_loader - INFO - OPTIMIZED: Limited Subject 2 to 500 samples
2025-07-27 17:34:04,091 - data_processing.seed_iv_loader - INFO - Subject 2: 500 samples
2025-07-27 17:34:04,092 - data_processing.seed_iv_loader - INFO - Loading data for Subject 3 (all sessions)
2025-07-27 17:34:04,261 - data_processing.seed_iv_loader - INFO - Loaded Subject 3: 2505 samples, 2 feature types
2025-07-27 17:34:04,267 - data_processing.seed_iv_loader - INFO - OPTIMIZED: Limited Subject 3 to 500 samples
2025-07-27 17:34:04,268 - data_processing.seed_iv_loader - INFO - Subject 3: 500 samples
2025-07-27 17:34:04,268 - data_processing.seed_iv_loader - INFO - Loading data for Subject 4 (all sessions)
2025-07-27 17:34:04,423 - data_processing.seed_iv_loader - INFO - Loaded Subject 4: 2505 samples, 2 feature types
2025-07-27 17:34:04,428 - data_processing.seed_iv_loader - INFO - OPTIMIZED: Limited Subject 4 to 500 samples
2025-07-27 17:34:04,429 - data_processing.seed_iv_loader - INFO - Subject 4: 500 samples
2025-07-27 17:34:04,429 - data_processing.seed_iv_loader - INFO - Loading data for Subject 5 (all sessions)
2025-07-27 17:34:04,588 - data_processing.seed_iv_loader - INFO - Loaded Subject 5: 2505 samples, 2 feature types
2025-07-27 17:34:04,594 - data_processing.seed_iv_loader - INFO - OPTIMIZED: Limited Subject 5 to 500 samples
2025-07-27 17:34:04,594 - data_processing.seed_iv_loader - INFO - Subject 5: 500 samples
2025-07-27 17:34:04,597 - data_processing.seed_iv_loader - INFO - Combined dataset: 2500 samples, 310 features
2025-07-27 17:34:04,598 - models.stage1_traditional - INFO - Loaded 2500 samples from 2500 subjects
2025-07-27 17:34:04,602 - models.stage1_traditional - INFO - Training traditional baseline model...
2025-07-27 17:34:04,603 - models.stage1_traditional - INFO - Training data: 2000 samples, 310 features
2025-07-27 17:34:04,603 - models.stage1_traditional - INFO - Creating traditional baseline pipeline...
2025-07-27 17:34:04,603 - models.stage1_traditional - INFO - Pipeline created with 2 steps
2025-07-27 17:35:29,566 - __main__ - INFO - Comprehensive Emotion Recognition System Initialized
2025-07-27 17:35:29,566 - __main__ - INFO - Output directory: csv_data
2025-07-27 17:35:29,566 - __main__ - INFO - Checkpoint directory: csv_data\checkpoints
2025-07-27 17:35:29,567 - __main__ - INFO - Checkpoint Status:
2025-07-27 17:35:29,567 - __main__ - INFO -   Stage 1: [Not found]
2025-07-27 17:35:29,567 - __main__ - INFO -   Stage 2: [Not found]
2025-07-27 17:35:29,567 - __main__ - INFO -   Stage 3: [Not found]
2025-07-27 17:35:29,567 - __main__ - INFO -   Stage 4: [Not found]
2025-07-27 17:35:29,567 - __main__ - INFO -   Stage 5: [Not found]
2025-07-27 17:35:29,567 - __main__ - INFO -   Stage 6: [Not found]
2025-07-27 17:35:29,568 - __main__ - INFO - Starting comprehensive pipeline for stages: [1, 2]
2025-07-27 17:35:29,568 - __main__ - INFO - Validating data access...
2025-07-27 17:35:29,568 - data_processing.seed_iv_loader - INFO - SeedIVLoader initialized with base path: C:\Users\piyus\Downloads\SEED_IV\SEED_IV\eeg_feature_smooth
2025-07-27 17:35:29,568 - data_processing.seed_iv_loader - INFO - Scanning SEED-IV dataset...
2025-07-27 17:35:29,569 - data_processing.seed_iv_loader - INFO - Session 1: Found 15 .mat files
2025-07-27 17:35:29,569 - data_processing.seed_iv_loader - INFO - Session 2: Found 15 .mat files
2025-07-27 17:35:29,569 - data_processing.seed_iv_loader - INFO - Session 3: Found 15 .mat files
2025-07-27 17:35:29,569 - data_processing.seed_iv_loader - INFO - Total files found: 45
2025-07-27 17:35:29,569 - __main__ - INFO - Data validation successful. Found 3 subjects
2025-07-27 17:35:29,569 - __main__ - INFO - 
============================================================
2025-07-27 17:35:29,570 - __main__ - INFO - Running Stage 1: Traditional Baseline
2025-07-27 17:35:29,570 - __main__ - INFO - Target Accuracy: 75.0%
2025-07-27 17:35:29,570 - models.stage1_traditional - INFO - TraditionalBaseline initialized with target accuracy: 72.5%
2025-07-27 17:35:29,570 - models.stage1_traditional - INFO - Running Stage 1: Traditional Baseline Pipeline
2025-07-27 17:35:29,570 - data_processing.seed_iv_loader - INFO - SeedIVLoader initialized with base path: C:\Users\piyus\Downloads\SEED_IV\SEED_IV\eeg_feature_smooth
2025-07-27 17:35:29,570 - data_processing.seed_iv_loader - INFO - Loading all subjects with feature type: de_LDS
2025-07-27 17:35:29,570 - data_processing.seed_iv_loader - INFO - OPTIMIZED MODE: Using 5 subjects with 500 samples each (~2,500 total samples)
2025-07-27 17:35:29,570 - data_processing.seed_iv_loader - INFO - Loading data for Subject 1 (all sessions)
2025-07-27 17:35:29,734 - data_processing.seed_iv_loader - INFO - Loaded Subject 1: 2505 samples, 2 feature types
2025-07-27 17:35:29,740 - data_processing.seed_iv_loader - INFO - OPTIMIZED: Limited Subject 1 to 500 samples
2025-07-27 17:35:29,741 - data_processing.seed_iv_loader - INFO - Subject 1: 500 samples
2025-07-27 17:35:29,741 - data_processing.seed_iv_loader - INFO - Loading data for Subject 2 (all sessions)
2025-07-27 17:35:29,897 - data_processing.seed_iv_loader - INFO - Loaded Subject 2: 2505 samples, 2 feature types
2025-07-27 17:35:29,903 - data_processing.seed_iv_loader - INFO - OPTIMIZED: Limited Subject 2 to 500 samples
2025-07-27 17:35:29,904 - data_processing.seed_iv_loader - INFO - Subject 2: 500 samples
2025-07-27 17:35:29,905 - data_processing.seed_iv_loader - INFO - Loading data for Subject 3 (all sessions)
2025-07-27 17:35:30,057 - data_processing.seed_iv_loader - INFO - Loaded Subject 3: 2505 samples, 2 feature types
2025-07-27 17:35:30,064 - data_processing.seed_iv_loader - INFO - OPTIMIZED: Limited Subject 3 to 500 samples
2025-07-27 17:35:30,065 - data_processing.seed_iv_loader - INFO - Subject 3: 500 samples
2025-07-27 17:35:30,065 - data_processing.seed_iv_loader - INFO - Loading data for Subject 4 (all sessions)
2025-07-27 17:35:30,231 - data_processing.seed_iv_loader - INFO - Loaded Subject 4: 2505 samples, 2 feature types
2025-07-27 17:35:30,237 - data_processing.seed_iv_loader - INFO - OPTIMIZED: Limited Subject 4 to 500 samples
2025-07-27 17:35:30,238 - data_processing.seed_iv_loader - INFO - Subject 4: 500 samples
2025-07-27 17:35:30,238 - data_processing.seed_iv_loader - INFO - Loading data for Subject 5 (all sessions)
2025-07-27 17:35:30,391 - data_processing.seed_iv_loader - INFO - Loaded Subject 5: 2505 samples, 2 feature types
2025-07-27 17:35:30,397 - data_processing.seed_iv_loader - INFO - OPTIMIZED: Limited Subject 5 to 500 samples
2025-07-27 17:35:30,398 - data_processing.seed_iv_loader - INFO - Subject 5: 500 samples
2025-07-27 17:35:30,400 - data_processing.seed_iv_loader - INFO - Combined dataset: 2500 samples, 310 features
2025-07-27 17:35:30,401 - models.stage1_traditional - INFO - Loaded 2500 samples from 2500 subjects
2025-07-27 17:35:30,405 - models.stage1_traditional - INFO - Training traditional baseline model...
2025-07-27 17:35:30,405 - models.stage1_traditional - INFO - Training data: 2000 samples, 310 features
2025-07-27 17:35:30,405 - models.stage1_traditional - INFO - Creating traditional baseline pipeline...
2025-07-27 17:35:30,406 - models.stage1_traditional - INFO - Pipeline created with 2 steps
2025-07-27 17:36:01,105 - models.stage1_traditional - INFO - Training completed in 3.92 seconds
2025-07-27 17:36:01,107 - models.stage1_traditional - INFO - CV Mean Accuracy: 0.6570 ± 0.0224
2025-07-27 17:36:01,107 - models.stage1_traditional - INFO - Evaluating model on 500 test samples...
2025-07-27 17:36:01,201 - models.stage1_traditional - INFO - Evaluation completed in 0.09 seconds
2025-07-27 17:36:01,201 - models.stage1_traditional - INFO - Test Accuracy: 0.6820 (68.2%)
2025-07-27 17:36:01,201 - models.stage1_traditional - INFO - F1 Score (Macro): 0.6774
2025-07-27 17:36:01,202 - models.stage1_traditional - INFO - Target Achievement: [NOT ACHIEVED]
2025-07-27 17:36:01,208 - models.stage1_traditional - INFO - Model saved to: csv_data\stage1_results\traditional_baseline_model.joblib
2025-07-27 17:36:02,077 - models.stage1_traditional - INFO - Results plot saved to: csv_data\stage1_results\stage1_results.png
2025-07-27 17:37:36,437 - __main__ - INFO - Target accuracy NOT ACHIEVED: 68.2% vs 75.0%
2025-07-27 17:37:36,443 - __main__ - INFO - Checkpoint saved: csv_data\checkpoints\stage_1_checkpoint.joblib
2025-07-27 17:37:36,444 - __main__ - INFO - Stage 1 completed in 126.9 seconds
2025-07-27 17:37:36,450 - __main__ - INFO - Stage 1 result saved to: csv_data\stage_1_result.json
2025-07-27 17:37:36,450 - __main__ - INFO - 
============================================================
2025-07-27 17:37:36,450 - __main__ - INFO - Running Stage 2: Enhanced Features
2025-07-27 17:37:36,451 - __main__ - INFO - Target Accuracy: 80.0%
2025-07-27 17:37:36,451 - models.stage2_enhanced - INFO - EnhancedFeaturesModel initialized with target accuracy: 77.5%
2025-07-27 17:37:36,451 - models.stage2_enhanced - INFO - Running Stage 2: Enhanced Features Pipeline
2025-07-27 17:37:36,451 - data_processing.seed_iv_loader - INFO - SeedIVLoader initialized with base path: C:\Users\piyus\Downloads\SEED_IV\SEED_IV\eeg_feature_smooth
2025-07-27 17:37:36,452 - data_processing.seed_iv_loader - INFO - Loading all subjects with feature type: de_LDS
2025-07-27 17:37:36,452 - data_processing.seed_iv_loader - INFO - OPTIMIZED MODE: Using 5 subjects with 500 samples each (~2,500 total samples)
2025-07-27 17:37:36,452 - data_processing.seed_iv_loader - INFO - Loading data for Subject 1 (all sessions)
2025-07-27 17:37:36,608 - data_processing.seed_iv_loader - INFO - Loaded Subject 1: 2505 samples, 2 feature types
2025-07-27 17:37:36,613 - data_processing.seed_iv_loader - INFO - OPTIMIZED: Limited Subject 1 to 500 samples
2025-07-27 17:37:36,613 - data_processing.seed_iv_loader - INFO - Subject 1: 500 samples
2025-07-27 17:37:36,614 - data_processing.seed_iv_loader - INFO - Loading data for Subject 2 (all sessions)
2025-07-27 17:37:36,766 - data_processing.seed_iv_loader - INFO - Loaded Subject 2: 2505 samples, 2 feature types
2025-07-27 17:37:36,772 - data_processing.seed_iv_loader - INFO - OPTIMIZED: Limited Subject 2 to 500 samples
2025-07-27 17:37:36,772 - data_processing.seed_iv_loader - INFO - Subject 2: 500 samples
2025-07-27 17:37:36,772 - data_processing.seed_iv_loader - INFO - Loading data for Subject 3 (all sessions)
2025-07-27 17:37:36,918 - data_processing.seed_iv_loader - INFO - Loaded Subject 3: 2505 samples, 2 feature types
2025-07-27 17:37:36,924 - data_processing.seed_iv_loader - INFO - OPTIMIZED: Limited Subject 3 to 500 samples
2025-07-27 17:37:36,924 - data_processing.seed_iv_loader - INFO - Subject 3: 500 samples
2025-07-27 17:37:36,924 - data_processing.seed_iv_loader - INFO - Loading data for Subject 4 (all sessions)
2025-07-27 17:37:37,079 - data_processing.seed_iv_loader - INFO - Loaded Subject 4: 2505 samples, 2 feature types
2025-07-27 17:37:37,086 - data_processing.seed_iv_loader - INFO - OPTIMIZED: Limited Subject 4 to 500 samples
2025-07-27 17:37:37,087 - data_processing.seed_iv_loader - INFO - Subject 4: 500 samples
2025-07-27 17:37:37,087 - data_processing.seed_iv_loader - INFO - Loading data for Subject 5 (all sessions)
2025-07-27 17:37:37,239 - data_processing.seed_iv_loader - INFO - Loaded Subject 5: 2505 samples, 2 feature types
2025-07-27 17:37:37,245 - data_processing.seed_iv_loader - INFO - OPTIMIZED: Limited Subject 5 to 500 samples
2025-07-27 17:37:37,245 - data_processing.seed_iv_loader - INFO - Subject 5: 500 samples
2025-07-27 17:37:37,248 - data_processing.seed_iv_loader - INFO - Combined dataset: 2500 samples, 310 features
2025-07-27 17:37:37,249 - models.stage2_enhanced - INFO - Loaded 2500 samples from 2500 subjects
2025-07-27 17:37:37,255 - models.stage2_enhanced - INFO - Training enhanced features model...
2025-07-27 17:37:37,255 - models.stage2_enhanced - INFO - Training data: 2000 samples, 310 features
2025-07-27 17:37:37,256 - models.stage2_enhanced - INFO - Extracting enhanced multi-domain features...
2025-07-27 17:37:37,256 - data_processing.feature_engineering - INFO - AdvancedFeatureEngineer initialized: 62 channels, 5 frequency bands
2025-07-27 17:37:37,256 - data_processing.feature_engineering - INFO - Extracting features: ['spatial', 'temporal', 'frequency', 'connectivity']
2025-07-27 17:37:37,257 - data_processing.feature_engineering - INFO - Extracting spatial features...
2025-07-27 17:37:37,987 - data_processing.feature_engineering - INFO - Extracted 20 spatial features
2025-07-27 17:37:37,987 - data_processing.feature_engineering - INFO - Extracting temporal features...
2025-07-27 17:37:40,099 - data_processing.feature_engineering - INFO - Extracted 14 temporal features
2025-07-27 17:37:40,099 - data_processing.feature_engineering - INFO - Extracting frequency domain features...
2025-07-27 17:37:40,590 - data_processing.feature_engineering - INFO - Extracted 8 frequency domain features
2025-07-27 17:37:40,590 - data_processing.feature_engineering - INFO - Extracting connectivity features...
2025-07-27 17:37:40,950 - data_processing.feature_engineering - INFO - Extracted 30 connectivity features
2025-07-27 17:37:40,951 - data_processing.feature_engineering - INFO - Combined features shape: (2000, 72)
2025-07-27 17:37:40,951 - models.stage2_enhanced - INFO - Enhanced features shape: (2000, 72)
2025-07-27 17:37:40,951 - models.stage2_enhanced - INFO - Feature expansion: 310 -> 72 (0.2x)
2025-07-27 17:37:40,954 - models.stage2_enhanced - INFO - Feature selection using mutual_info...
2025-07-27 17:37:40,955 - models.stage2_enhanced - WARNING - Unknown feature selection method: mutual_info
2025-07-27 17:37:40,955 - models.stage2_enhanced - INFO - Using SelectKBest with f_classif as fallback
2025-07-27 17:37:40,958 - models.stage2_enhanced - INFO - Selected 72 features from 72
2025-07-27 17:37:40,958 - models.stage2_enhanced - INFO - Optimizing Random Forest hyperparameters...
2025-07-27 17:41:50,695 - models.stage2_enhanced - INFO - Best parameters: {'n_estimators': 200, 'min_samples_split': 5, 'min_samples_leaf': 1, 'max_features': 'log2', 'max_depth': 20, 'bootstrap': False}
2025-07-27 17:41:50,695 - models.stage2_enhanced - INFO - Best CV score: 0.8920
2025-07-27 17:42:04,946 - models.stage2_enhanced - INFO - Training completed in 253.44 seconds
2025-07-27 17:42:04,947 - models.stage2_enhanced - INFO - Feature pipeline: 310 -> 72 -> 72
2025-07-27 17:42:04,947 - models.stage2_enhanced - INFO - CV Mean Accuracy: 0.8885 ± 0.0204
2025-07-27 17:42:04,947 - models.stage2_enhanced - INFO - Evaluating model on 500 test samples...
2025-07-27 17:42:04,947 - data_processing.feature_engineering - INFO - Extracting features: ['spatial', 'temporal', 'frequency', 'connectivity']
2025-07-27 17:42:04,948 - data_processing.feature_engineering - INFO - Extracting spatial features...
2025-07-27 17:42:05,160 - data_processing.feature_engineering - INFO - Extracted 20 spatial features
2025-07-27 17:42:05,160 - data_processing.feature_engineering - INFO - Extracting temporal features...
2025-07-27 17:42:05,612 - data_processing.feature_engineering - INFO - Extracted 14 temporal features
2025-07-27 17:42:05,612 - data_processing.feature_engineering - INFO - Extracting frequency domain features...
2025-07-27 17:42:05,735 - data_processing.feature_engineering - INFO - Extracted 8 frequency domain features
2025-07-27 17:42:05,735 - data_processing.feature_engineering - INFO - Extracting connectivity features...
2025-07-27 17:42:05,830 - data_processing.feature_engineering - INFO - Extracted 30 connectivity features
2025-07-27 17:42:05,832 - data_processing.feature_engineering - INFO - Combined features shape: (500, 72)
2025-07-27 17:42:05,878 - models.stage2_enhanced - INFO - Evaluation completed in 0.92 seconds
2025-07-27 17:42:05,878 - models.stage2_enhanced - INFO - Test Accuracy: 0.9120 (91.2%)
2025-07-27 17:42:05,878 - models.stage2_enhanced - INFO - F1 Score (Macro): 0.9119
2025-07-27 17:42:05,879 - models.stage2_enhanced - INFO - Target Achievement: [ACHIEVED]
2025-07-27 17:42:05,920 - models.stage2_enhanced - INFO - Enhanced features model saved to: csv_data\stage2_results\enhanced_features_model.joblib
2025-07-27 17:42:06,944 - models.stage2_enhanced - INFO - Results plot saved to: csv_data\stage2_results\stage2_results.png
2025-07-27 17:42:25,359 - __main__ - INFO - Target accuracy ACHIEVED: 91.2% vs 80.0%
2025-07-27 17:42:25,425 - __main__ - INFO - Checkpoint saved: csv_data\checkpoints\stage_2_checkpoint.joblib
2025-07-27 17:42:25,426 - __main__ - INFO - Stage 2 completed in 288.9 seconds
2025-07-27 17:42:25,432 - __main__ - INFO - Stage 2 result saved to: csv_data\stage_2_result.json
2025-07-27 17:42:25,432 - __main__ - INFO - Generating comprehensive report...
2025-07-27 17:42:25,433 - __main__ - INFO - Report saved to: csv_data\comprehensive_report.txt
2025-07-27 17:42:25,433 - __main__ - INFO - Pipeline completed in 415.9 seconds
2025-07-30 12:58:25,981 - main - ERROR - Import error: No module named 'seaborn'
2025-07-30 12:58:25,981 - main - ERROR - Make sure all required modules are in the correct directories
2025-07-30 14:07:26,794 - __main__ - INFO - Comprehensive Emotion Recognition System Initialized
2025-07-30 14:07:26,795 - __main__ - INFO - Output directory: csv_data
2025-07-30 14:07:26,795 - __main__ - INFO - Checkpoint directory: csv_data\checkpoints
2025-07-30 14:07:26,795 - __main__ - INFO - Checkpoint Status:
2025-07-30 14:07:26,795 - __main__ - INFO -   Stage 1: [Not found]
2025-07-30 14:07:26,795 - __main__ - INFO -   Stage 2: [Not found]
2025-07-30 14:07:26,795 - __main__ - INFO -   Stage 3: [Not found]
2025-07-30 14:07:26,795 - __main__ - INFO -   Stage 4: [Not found]
2025-07-30 14:07:26,796 - __main__ - INFO -   Stage 5: [Not found]
2025-07-30 14:07:26,796 - __main__ - INFO -   Stage 6: [Not found]
2025-07-30 14:07:26,796 - __main__ - INFO - Starting comprehensive pipeline for stages: [1, 2]
2025-07-30 14:07:26,796 - __main__ - INFO - Validating data access...
2025-07-30 14:07:26,796 - data_processing.seed_iv_loader - INFO - SeedIVLoader initialized with base path: C:\Users\piyus\Downloads\SEED_IV\SEED_IV\eeg_feature_smooth
2025-07-30 14:07:26,797 - data_processing.seed_iv_loader - INFO - Scanning SEED-IV dataset...
2025-07-30 14:07:26,797 - data_processing.seed_iv_loader - INFO - Session 1: Found 15 .mat files
2025-07-30 14:07:26,797 - data_processing.seed_iv_loader - INFO - Session 2: Found 15 .mat files
2025-07-30 14:07:26,798 - data_processing.seed_iv_loader - INFO - Session 3: Found 15 .mat files
2025-07-30 14:07:26,798 - data_processing.seed_iv_loader - INFO - Total files found: 45
2025-07-30 14:07:26,798 - __main__ - INFO - Data validation successful. Found 3 subjects
2025-07-30 14:07:26,798 - __main__ - INFO - 
============================================================
2025-07-30 14:07:26,799 - __main__ - INFO - Running Stage 1: Traditional Baseline
2025-07-30 14:07:26,799 - __main__ - INFO - Target Accuracy: 75.0%
2025-07-30 14:07:26,799 - models.stage1_traditional - INFO - TraditionalBaseline initialized with target accuracy: 72.5%
2025-07-30 14:07:26,799 - models.stage1_traditional - INFO - Running Stage 1: Traditional Baseline Pipeline
2025-07-30 14:07:26,800 - data_processing.seed_iv_loader - INFO - SeedIVLoader initialized with base path: C:\Users\piyus\Downloads\SEED_IV\SEED_IV\eeg_feature_smooth
2025-07-30 14:07:26,800 - data_processing.seed_iv_loader - INFO - Loading subjects with balanced sampling from .mat files
2025-07-30 14:07:26,800 - data_processing.seed_iv_loader - INFO - Feature type: de_LDS
2025-07-30 14:07:26,800 - data_processing.seed_iv_loader - INFO - BALANCED SAMPLING MODE:
2025-07-30 14:07:26,800 - data_processing.seed_iv_loader - INFO -   Selected males: [1, 2, 6, 7] (4 subjects)
2025-07-30 14:07:26,800 - data_processing.seed_iv_loader - INFO -   Selected females: [3, 4, 5, 8, 9, 10] (6 subjects)
2025-07-30 14:07:26,800 - data_processing.seed_iv_loader - INFO -   Total subjects: [1, 2, 3, 4, 5, 6, 7, 8, 9, 10] (10 subjects)
2025-07-30 14:07:26,800 - data_processing.seed_iv_loader - INFO -   Gender ratio: 4/6 = 0.67
2025-07-30 14:07:26,800 - data_processing.seed_iv_loader - INFO - Loading Subject 1...
2025-07-30 14:07:26,800 - data_processing.seed_iv_loader - INFO - Loading data for Subject 1 (all sessions)
2025-07-30 14:07:26,953 - data_processing.seed_iv_loader - INFO - Loaded Subject 1: 2505 samples, 2 feature types
2025-07-30 14:07:26,954 - data_processing.seed_iv_loader - INFO - Subject 1: 2505 samples (natural, no truncation)
2025-07-30 14:07:26,954 - data_processing.seed_iv_loader - INFO -   Emotion distribution: Neutral=628, Sad=628, Fear=627, Happy=622
2025-07-30 14:07:26,955 - data_processing.seed_iv_loader - INFO -   Cumulative samples: 2505
2025-07-30 14:07:26,955 - data_processing.seed_iv_loader - INFO - Loading Subject 2...
2025-07-30 14:07:26,955 - data_processing.seed_iv_loader - INFO - Loading data for Subject 2 (all sessions)
2025-07-30 14:07:27,111 - data_processing.seed_iv_loader - INFO - Loaded Subject 2: 2505 samples, 2 feature types
2025-07-30 14:07:27,112 - data_processing.seed_iv_loader - INFO - Subject 2: 2505 samples (natural, no truncation)
2025-07-30 14:07:27,112 - data_processing.seed_iv_loader - INFO -   Emotion distribution: Neutral=628, Sad=628, Fear=627, Happy=622
2025-07-30 14:07:27,113 - data_processing.seed_iv_loader - INFO -   Cumulative samples: 5010
2025-07-30 14:07:27,113 - data_processing.seed_iv_loader - INFO - Loading Subject 3...
2025-07-30 14:07:27,113 - data_processing.seed_iv_loader - INFO - Loading data for Subject 3 (all sessions)
2025-07-30 14:07:27,280 - data_processing.seed_iv_loader - INFO - Loaded Subject 3: 2505 samples, 2 feature types
2025-07-30 14:07:27,282 - data_processing.seed_iv_loader - INFO - Subject 3: 2505 samples (natural, no truncation)
2025-07-30 14:07:27,282 - data_processing.seed_iv_loader - INFO -   Emotion distribution: Neutral=628, Sad=628, Fear=627, Happy=622
2025-07-30 14:07:27,282 - data_processing.seed_iv_loader - INFO -   Cumulative samples: 7515
2025-07-30 14:07:27,282 - data_processing.seed_iv_loader - INFO - Loading Subject 4...
2025-07-30 14:07:27,282 - data_processing.seed_iv_loader - INFO - Loading data for Subject 4 (all sessions)
2025-07-30 14:07:27,432 - data_processing.seed_iv_loader - INFO - Loaded Subject 4: 2505 samples, 2 feature types
2025-07-30 14:07:27,433 - data_processing.seed_iv_loader - INFO - Subject 4: 2505 samples (natural, no truncation)
2025-07-30 14:07:27,434 - data_processing.seed_iv_loader - INFO -   Emotion distribution: Neutral=628, Sad=628, Fear=627, Happy=622
2025-07-30 14:07:27,434 - data_processing.seed_iv_loader - INFO -   Cumulative samples: 10020
2025-07-30 14:07:27,434 - data_processing.seed_iv_loader - INFO - Reached target samples (10000), stopping at Subject 4
2025-07-30 14:07:27,439 - data_processing.seed_iv_loader - INFO - 
=== FINAL DATASET SUMMARY ===
2025-07-30 14:07:27,439 - data_processing.seed_iv_loader - INFO - Total samples: 10020
2025-07-30 14:07:27,439 - data_processing.seed_iv_loader - INFO - Feature dimensions: (10020, 310)
2025-07-30 14:07:27,440 - data_processing.seed_iv_loader - INFO - Subjects loaded: [1, 2, 3, 4]
2025-07-30 14:07:27,440 - data_processing.seed_iv_loader - INFO - Gender balance: 4 males + 6 females
2025-07-30 14:07:27,440 - data_processing.seed_iv_loader - INFO - 
Emotion Distribution:
2025-07-30 14:07:27,440 - data_processing.seed_iv_loader - INFO -   Neutral (0): 2512 (25.1%)
2025-07-30 14:07:27,440 - data_processing.seed_iv_loader - INFO -   Sad (1):     2512 (25.1%)
2025-07-30 14:07:27,441 - data_processing.seed_iv_loader - INFO -   Fear (2):    2508 (25.0%)
2025-07-30 14:07:27,441 - data_processing.seed_iv_loader - INFO -   Happy (3):   2488 (24.8%)
2025-07-30 14:07:27,441 - data_processing.seed_iv_loader - INFO - Emotion balance score: 0.998 (1.0 = perfect balance)
2025-07-30 14:07:27,446 - data_processing.seed_iv_loader - INFO - Data source: Natural .mat files (no artificial truncation)
2025-07-30 14:07:27,446 - data_processing.seed_iv_loader - INFO - ===============================

2025-07-30 14:07:27,447 - models.stage1_traditional - INFO - Loaded 10020 samples from 10020 subjects
2025-07-30 14:07:27,460 - models.stage1_traditional - INFO - Training traditional baseline model...
2025-07-30 14:07:27,461 - models.stage1_traditional - INFO - Training data: 8016 samples, 310 features
2025-07-30 14:07:27,461 - models.stage1_traditional - INFO - Creating traditional baseline pipeline...
2025-07-30 14:07:27,461 - models.stage1_traditional - INFO - Pipeline created with 2 steps
2025-07-30 14:09:13,337 - __main__ - INFO - Comprehensive Emotion Recognition System Initialized
2025-07-30 14:09:13,337 - __main__ - INFO - Output directory: csv_data
2025-07-30 14:09:13,338 - __main__ - INFO - Checkpoint directory: csv_data\checkpoints
2025-07-30 14:09:13,338 - __main__ - INFO - Checkpoint Status:
2025-07-30 14:09:13,338 - __main__ - INFO -   Stage 1: [Not found]
2025-07-30 14:09:13,338 - __main__ - INFO -   Stage 2: [Not found]
2025-07-30 14:09:13,338 - __main__ - INFO -   Stage 3: [Not found]
2025-07-30 14:09:13,338 - __main__ - INFO -   Stage 4: [Not found]
2025-07-30 14:09:13,339 - __main__ - INFO -   Stage 5: [Not found]
2025-07-30 14:09:13,339 - __main__ - INFO -   Stage 6: [Not found]
2025-07-30 14:09:13,339 - __main__ - INFO - Starting comprehensive pipeline for stages: [1, 2]
2025-07-30 14:09:13,339 - __main__ - INFO - Validating data access...
2025-07-30 14:09:13,339 - data_processing.seed_iv_loader - INFO - SeedIVLoader initialized with base path: C:\Users\piyus\Downloads\SEED_IV\SEED_IV\eeg_feature_smooth
2025-07-30 14:09:13,339 - data_processing.seed_iv_loader - INFO - Scanning SEED-IV dataset...
2025-07-30 14:09:13,340 - data_processing.seed_iv_loader - INFO - Session 1: Found 15 .mat files
2025-07-30 14:09:13,340 - data_processing.seed_iv_loader - INFO - Session 2: Found 15 .mat files
2025-07-30 14:09:13,340 - data_processing.seed_iv_loader - INFO - Session 3: Found 15 .mat files
2025-07-30 14:09:13,340 - data_processing.seed_iv_loader - INFO - Total files found: 45
2025-07-30 14:09:13,341 - __main__ - INFO - Data validation successful. Found 3 subjects
2025-07-30 14:09:13,341 - __main__ - INFO - 
============================================================
2025-07-30 14:09:13,341 - __main__ - INFO - Running Stage 1: Traditional Baseline
2025-07-30 14:09:13,341 - __main__ - INFO - Target Accuracy: 75.0%
2025-07-30 14:09:13,341 - models.stage1_traditional - INFO - TraditionalBaseline initialized with target accuracy: 72.5%
2025-07-30 14:09:13,341 - models.stage1_traditional - INFO - Running Stage 1: Traditional Baseline Pipeline
2025-07-30 14:09:13,341 - data_processing.seed_iv_loader - INFO - SeedIVLoader initialized with base path: C:\Users\piyus\Downloads\SEED_IV\SEED_IV\eeg_feature_smooth
2025-07-30 14:09:13,342 - data_processing.seed_iv_loader - INFO - Loading subjects with balanced sampling from .mat files
2025-07-30 14:09:13,342 - data_processing.seed_iv_loader - INFO - Feature type: de_LDS
2025-07-30 14:09:13,342 - data_processing.seed_iv_loader - INFO - BALANCED SAMPLING MODE:
2025-07-30 14:09:13,342 - data_processing.seed_iv_loader - INFO -   Selected males: [1, 2, 6, 7] (4 subjects)
2025-07-30 14:09:13,342 - data_processing.seed_iv_loader - INFO -   Selected females: [3, 4, 5, 8, 9, 10] (6 subjects)
2025-07-30 14:09:13,342 - data_processing.seed_iv_loader - INFO -   Total subjects: [1, 2, 3, 4, 5, 6, 7, 8, 9, 10] (10 subjects)
2025-07-30 14:09:13,342 - data_processing.seed_iv_loader - INFO -   Gender ratio: 4/6 = 0.67
2025-07-30 14:09:13,342 - data_processing.seed_iv_loader - INFO - Loading Subject 1...
2025-07-30 14:09:13,342 - data_processing.seed_iv_loader - INFO - Loading data for Subject 1 (all sessions)
2025-07-30 14:09:13,541 - data_processing.seed_iv_loader - INFO - Loaded Subject 1: 2505 samples, 2 feature types
2025-07-30 14:09:13,543 - data_processing.seed_iv_loader - INFO - Subject 1: 2505 samples (natural, no truncation)
2025-07-30 14:09:13,543 - data_processing.seed_iv_loader - INFO -   Emotion distribution: Neutral=628, Sad=628, Fear=627, Happy=622
2025-07-30 14:09:13,544 - data_processing.seed_iv_loader - INFO -   Cumulative samples: 2505
2025-07-30 14:09:13,544 - data_processing.seed_iv_loader - INFO - Loading Subject 2...
2025-07-30 14:09:13,544 - data_processing.seed_iv_loader - INFO - Loading data for Subject 2 (all sessions)
2025-07-30 14:09:13,697 - data_processing.seed_iv_loader - INFO - Loaded Subject 2: 2505 samples, 2 feature types
2025-07-30 14:09:13,699 - data_processing.seed_iv_loader - INFO - Subject 2: 2505 samples (natural, no truncation)
2025-07-30 14:09:13,700 - data_processing.seed_iv_loader - INFO -   Emotion distribution: Neutral=628, Sad=628, Fear=627, Happy=622
2025-07-30 14:09:13,700 - data_processing.seed_iv_loader - INFO -   Cumulative samples: 5010
2025-07-30 14:09:13,701 - data_processing.seed_iv_loader - INFO - Loading Subject 3...
2025-07-30 14:09:13,701 - data_processing.seed_iv_loader - INFO - Loading data for Subject 3 (all sessions)
2025-07-30 14:09:13,846 - data_processing.seed_iv_loader - INFO - Loaded Subject 3: 2505 samples, 2 feature types
2025-07-30 14:09:13,849 - data_processing.seed_iv_loader - INFO - Subject 3: 2505 samples (natural, no truncation)
2025-07-30 14:09:13,849 - data_processing.seed_iv_loader - INFO -   Emotion distribution: Neutral=628, Sad=628, Fear=627, Happy=622
2025-07-30 14:09:13,849 - data_processing.seed_iv_loader - INFO -   Cumulative samples: 7515
2025-07-30 14:09:13,850 - data_processing.seed_iv_loader - INFO - Loading Subject 4...
2025-07-30 14:09:13,850 - data_processing.seed_iv_loader - INFO - Loading data for Subject 4 (all sessions)
2025-07-30 14:09:13,995 - data_processing.seed_iv_loader - INFO - Loaded Subject 4: 2505 samples, 2 feature types
2025-07-30 14:09:13,997 - data_processing.seed_iv_loader - INFO - Subject 4: 2505 samples (natural, no truncation)
2025-07-30 14:09:13,997 - data_processing.seed_iv_loader - INFO -   Emotion distribution: Neutral=628, Sad=628, Fear=627, Happy=622
2025-07-30 14:09:13,998 - data_processing.seed_iv_loader - INFO -   Cumulative samples: 10020
2025-07-30 14:09:13,998 - data_processing.seed_iv_loader - INFO - Reached target samples (10000), stopping at Subject 4
2025-07-30 14:09:14,003 - data_processing.seed_iv_loader - INFO - 
=== FINAL DATASET SUMMARY ===
2025-07-30 14:09:14,003 - data_processing.seed_iv_loader - INFO - Total samples: 10020
2025-07-30 14:09:14,004 - data_processing.seed_iv_loader - INFO - Feature dimensions: (10020, 310)
2025-07-30 14:09:14,005 - data_processing.seed_iv_loader - INFO - Subjects loaded: [1, 2, 3, 4]
2025-07-30 14:09:14,005 - data_processing.seed_iv_loader - INFO - Gender balance: 4 males + 6 females
2025-07-30 14:09:14,005 - data_processing.seed_iv_loader - INFO - 
Emotion Distribution:
2025-07-30 14:09:14,005 - data_processing.seed_iv_loader - INFO -   Neutral (0): 2512 (25.1%)
2025-07-30 14:09:14,006 - data_processing.seed_iv_loader - INFO -   Sad (1):     2512 (25.1%)
2025-07-30 14:09:14,006 - data_processing.seed_iv_loader - INFO -   Fear (2):    2508 (25.0%)
2025-07-30 14:09:14,006 - data_processing.seed_iv_loader - INFO -   Happy (3):   2488 (24.8%)
2025-07-30 14:09:14,006 - data_processing.seed_iv_loader - INFO - Emotion balance score: 0.998 (1.0 = perfect balance)
2025-07-30 14:09:14,006 - data_processing.seed_iv_loader - INFO - EXCELLENT emotion balance achieved!
2025-07-30 14:09:14,007 - data_processing.seed_iv_loader - INFO - Data source: Natural .mat files (no artificial truncation)
2025-07-30 14:09:14,007 - data_processing.seed_iv_loader - INFO - ===============================

2025-07-30 14:09:14,009 - models.stage1_traditional - INFO - Loaded 10020 samples from 10020 subjects
2025-07-30 14:09:14,025 - models.stage1_traditional - INFO - Training traditional baseline model...
2025-07-30 14:09:14,025 - models.stage1_traditional - INFO - Training data: 8016 samples, 310 features
2025-07-30 14:09:14,025 - models.stage1_traditional - INFO - Creating traditional baseline pipeline...
2025-07-30 14:09:14,026 - models.stage1_traditional - INFO - Pipeline created with 2 steps
2025-07-30 14:13:04,103 - models.stage1_traditional - INFO - Training completed in 29.40 seconds
2025-07-30 14:13:04,104 - models.stage1_traditional - INFO - CV Mean Accuracy: 0.7744 ± 0.0099
2025-07-30 14:13:04,104 - models.stage1_traditional - INFO - Evaluating model on 2004 test samples...
2025-07-30 14:13:05,382 - models.stage1_traditional - INFO - Evaluation completed in 1.27 seconds
2025-07-30 14:13:05,382 - models.stage1_traditional - INFO - Test Accuracy: 0.7764 (77.6%)
2025-07-30 14:13:05,383 - models.stage1_traditional - INFO - F1 Score (Macro): 0.7747
2025-07-30 14:13:05,383 - models.stage1_traditional - INFO - Target Achievement: [ACHIEVED]
2025-07-30 14:13:05,392 - models.stage1_traditional - INFO - Model saved to: csv_data\stage1_results\traditional_baseline_model.joblib
2025-07-30 14:13:06,240 - models.stage1_traditional - INFO - Results plot saved to: csv_data\stage1_results\stage1_results.png
2025-07-30 14:14:19,814 - __main__ - INFO - Target accuracy ACHIEVED: 77.6% vs 75.0%
2025-07-30 14:14:19,832 - __main__ - INFO - Checkpoint saved: csv_data\checkpoints\stage_1_checkpoint.joblib
2025-07-30 14:14:19,833 - __main__ - INFO - Stage 1 completed in 306.5 seconds
2025-07-30 14:14:19,849 - __main__ - INFO - Stage 1 result saved to: csv_data\stage_1_result.json
2025-07-30 14:14:19,849 - __main__ - INFO - 
============================================================
2025-07-30 14:14:19,849 - __main__ - INFO - Running Stage 2: Enhanced Features
2025-07-30 14:14:19,849 - __main__ - INFO - Target Accuracy: 80.0%
2025-07-30 14:14:19,850 - models.stage2_enhanced - INFO - EnhancedFeaturesModel initialized with target accuracy: 77.5%
2025-07-30 14:14:19,850 - models.stage2_enhanced - INFO - Running Stage 2: Enhanced Features Pipeline
2025-07-30 14:14:19,850 - data_processing.seed_iv_loader - INFO - SeedIVLoader initialized with base path: C:\Users\piyus\Downloads\SEED_IV\SEED_IV\eeg_feature_smooth
2025-07-30 14:14:19,850 - data_processing.seed_iv_loader - INFO - Loading subjects with balanced sampling from .mat files
2025-07-30 14:14:19,850 - data_processing.seed_iv_loader - INFO - Feature type: de_LDS
2025-07-30 14:14:19,850 - data_processing.seed_iv_loader - INFO - BALANCED SAMPLING MODE:
2025-07-30 14:14:19,850 - data_processing.seed_iv_loader - INFO -   Selected males: [1, 2, 6, 7] (4 subjects)
2025-07-30 14:14:19,851 - data_processing.seed_iv_loader - INFO -   Selected females: [3, 4, 5, 8, 9, 10] (6 subjects)
2025-07-30 14:14:19,851 - data_processing.seed_iv_loader - INFO -   Total subjects: [1, 2, 3, 4, 5, 6, 7, 8, 9, 10] (10 subjects)
2025-07-30 14:14:19,851 - data_processing.seed_iv_loader - INFO -   Gender ratio: 4/6 = 0.67
2025-07-30 14:14:19,851 - data_processing.seed_iv_loader - INFO - Loading Subject 1...
2025-07-30 14:14:19,851 - data_processing.seed_iv_loader - INFO - Loading data for Subject 1 (all sessions)
2025-07-30 14:14:20,077 - data_processing.seed_iv_loader - INFO - Loaded Subject 1: 2505 samples, 2 feature types
2025-07-30 14:14:20,084 - data_processing.seed_iv_loader - INFO - Subject 1: 2505 samples (natural, no truncation)
2025-07-30 14:14:20,085 - data_processing.seed_iv_loader - INFO -   Emotion distribution: Neutral=628, Sad=628, Fear=627, Happy=622
2025-07-30 14:14:20,085 - data_processing.seed_iv_loader - INFO -   Cumulative samples: 2505
2025-07-30 14:14:20,085 - data_processing.seed_iv_loader - INFO - Loading Subject 2...
2025-07-30 14:14:20,085 - data_processing.seed_iv_loader - INFO - Loading data for Subject 2 (all sessions)
2025-07-30 14:14:20,254 - data_processing.seed_iv_loader - INFO - Loaded Subject 2: 2505 samples, 2 feature types
2025-07-30 14:14:20,257 - data_processing.seed_iv_loader - INFO - Subject 2: 2505 samples (natural, no truncation)
2025-07-30 14:14:20,257 - data_processing.seed_iv_loader - INFO -   Emotion distribution: Neutral=628, Sad=628, Fear=627, Happy=622
2025-07-30 14:14:20,257 - data_processing.seed_iv_loader - INFO -   Cumulative samples: 5010
2025-07-30 14:14:20,257 - data_processing.seed_iv_loader - INFO - Loading Subject 3...
2025-07-30 14:14:20,258 - data_processing.seed_iv_loader - INFO - Loading data for Subject 3 (all sessions)
2025-07-30 14:14:20,417 - data_processing.seed_iv_loader - INFO - Loaded Subject 3: 2505 samples, 2 feature types
2025-07-30 14:14:20,420 - data_processing.seed_iv_loader - INFO - Subject 3: 2505 samples (natural, no truncation)
2025-07-30 14:14:20,420 - data_processing.seed_iv_loader - INFO -   Emotion distribution: Neutral=628, Sad=628, Fear=627, Happy=622
2025-07-30 14:14:20,420 - data_processing.seed_iv_loader - INFO -   Cumulative samples: 7515
2025-07-30 14:14:20,420 - data_processing.seed_iv_loader - INFO - Loading Subject 4...
2025-07-30 14:14:20,421 - data_processing.seed_iv_loader - INFO - Loading data for Subject 4 (all sessions)
2025-07-30 14:14:20,576 - data_processing.seed_iv_loader - INFO - Loaded Subject 4: 2505 samples, 2 feature types
2025-07-30 14:14:20,579 - data_processing.seed_iv_loader - INFO - Subject 4: 2505 samples (natural, no truncation)
2025-07-30 14:14:20,580 - data_processing.seed_iv_loader - INFO -   Emotion distribution: Neutral=628, Sad=628, Fear=627, Happy=622
2025-07-30 14:14:20,580 - data_processing.seed_iv_loader - INFO -   Cumulative samples: 10020
2025-07-30 14:14:20,580 - data_processing.seed_iv_loader - INFO - Reached target samples (10000), stopping at Subject 4
2025-07-30 14:14:20,585 - data_processing.seed_iv_loader - INFO - 
=== FINAL DATASET SUMMARY ===
2025-07-30 14:14:20,586 - data_processing.seed_iv_loader - INFO - Total samples: 10020
2025-07-30 14:14:20,586 - data_processing.seed_iv_loader - INFO - Feature dimensions: (10020, 310)
2025-07-30 14:14:20,586 - data_processing.seed_iv_loader - INFO - Subjects loaded: [1, 2, 3, 4]
2025-07-30 14:14:20,586 - data_processing.seed_iv_loader - INFO - Gender balance: 4 males + 6 females
2025-07-30 14:14:20,586 - data_processing.seed_iv_loader - INFO - 
Emotion Distribution:
2025-07-30 14:14:20,586 - data_processing.seed_iv_loader - INFO -   Neutral (0): 2512 (25.1%)
2025-07-30 14:14:20,586 - data_processing.seed_iv_loader - INFO -   Sad (1):     2512 (25.1%)
2025-07-30 14:14:20,586 - data_processing.seed_iv_loader - INFO -   Fear (2):    2508 (25.0%)
2025-07-30 14:14:20,586 - data_processing.seed_iv_loader - INFO -   Happy (3):   2488 (24.8%)
2025-07-30 14:14:20,587 - data_processing.seed_iv_loader - INFO - Emotion balance score: 0.998 (1.0 = perfect balance)
2025-07-30 14:14:20,587 - data_processing.seed_iv_loader - INFO - EXCELLENT emotion balance achieved!
2025-07-30 14:14:20,587 - data_processing.seed_iv_loader - INFO - Data source: Natural .mat files (no artificial truncation)
2025-07-30 14:14:20,587 - data_processing.seed_iv_loader - INFO - ===============================

2025-07-30 14:14:20,588 - models.stage2_enhanced - INFO - Loaded 10020 samples from 10020 subjects
2025-07-30 14:14:20,599 - models.stage2_enhanced - INFO - Training enhanced features model...
2025-07-30 14:14:20,599 - models.stage2_enhanced - INFO - Training data: 8016 samples, 310 features
2025-07-30 14:14:20,599 - models.stage2_enhanced - INFO - Using optimized medical features - skipping feature enhancement
2025-07-30 14:14:20,599 - models.stage2_enhanced - INFO - Applying optimized feature selection directly to raw 310 DE features
2025-07-30 14:14:20,630 - models.stage2_enhanced - INFO - Feature selection using optimized_medical...
2025-07-30 14:14:20,630 - models.stage2_enhanced - INFO - Using optimized medical-grade feature selection (60 features)
2025-07-30 14:14:20,630 - models.stage2_enhanced - INFO - Based on comprehensive feature selection achieving 97.9% accuracy
2025-07-30 14:14:20,631 - data_processing.optimized_features - INFO - Creating balanced medical-grade feature selector:
2025-07-30 14:14:20,631 - data_processing.optimized_features - INFO -   Features: 60
2025-07-30 14:14:20,631 - data_processing.optimized_features - INFO -   Expected accuracy: 9780.0%
2025-07-30 14:14:20,631 - data_processing.optimized_features - INFO -   Use case: Clinical applications, research-grade devices
2025-07-30 14:14:20,631 - data_processing.optimized_features - INFO - Using top 60 optimized features
2025-07-30 14:14:20,634 - models.stage2_enhanced - INFO - Selected 60 from 310 features
2025-07-30 14:14:20,634 - models.stage2_enhanced - INFO - Reduction: 80.6%
2025-07-30 14:14:20,634 - models.stage2_enhanced - INFO - Expected accuracy: 9780.0%
2025-07-30 14:14:20,634 - models.stage2_enhanced - INFO - Optimizing Random Forest hyperparameters...
2025-07-30 14:42:19,191 - models.stage2_enhanced - INFO - Best parameters: {'n_estimators': 500, 'min_samples_split': 10, 'min_samples_leaf': 1, 'max_features': 'sqrt', 'max_depth': 30, 'bootstrap': False}
2025-07-30 14:42:19,191 - models.stage2_enhanced - INFO - Best CV score: 0.9722
2025-07-30 14:47:13,798 - models.stage2_enhanced - INFO - Training completed in 1678.59 seconds
2025-07-30 14:47:13,798 - models.stage2_enhanced - INFO - Feature pipeline: 310 -> 310 -> 60
2025-07-30 14:47:13,798 - models.stage2_enhanced - INFO - CV Mean Accuracy: 0.9736 ± 0.0019
2025-07-30 14:47:13,801 - models.stage2_enhanced - INFO - Evaluating model on 2004 test samples...
2025-07-30 14:47:14,079 - models.stage2_enhanced - INFO - Evaluation completed in 0.25 seconds
2025-07-30 14:47:14,080 - models.stage2_enhanced - INFO - Test Accuracy: 0.9770 (97.7%)
2025-07-30 14:47:14,080 - models.stage2_enhanced - INFO - F1 Score (Macro): 0.9771
2025-07-30 14:47:14,080 - models.stage2_enhanced - INFO - Target Achievement: [ACHIEVED]
2025-07-30 14:47:14,198 - models.stage2_enhanced - INFO - Enhanced features model saved to: csv_data\stage2_results\enhanced_features_model.joblib
2025-07-30 14:47:15,286 - models.stage2_enhanced - INFO - Results plot saved to: csv_data\stage2_results\stage2_results.png
2025-07-30 14:47:24,460 - __main__ - INFO - Target accuracy ACHIEVED: 97.7% vs 80.0%
2025-07-30 14:47:24,581 - __main__ - INFO - Checkpoint saved: csv_data\checkpoints\stage_2_checkpoint.joblib
2025-07-30 14:47:24,581 - __main__ - INFO - Stage 2 completed in 1984.6 seconds
2025-07-30 14:47:24,594 - __main__ - INFO - Stage 2 result saved to: csv_data\stage_2_result.json
2025-07-30 14:47:24,595 - __main__ - INFO - Generating comprehensive report...
2025-07-30 14:47:24,595 - __main__ - INFO - Report saved to: csv_data\comprehensive_report.txt
2025-07-30 14:47:24,595 - __main__ - INFO - Pipeline completed in 2291.3 seconds
2025-08-02 12:09:08,878 - __main__ - ERROR - Import error: No module named 'torch'
2025-08-02 12:09:08,878 - __main__ - ERROR - Make sure all required modules are in the correct directories
2025-08-02 12:11:37,269 - __main__ - INFO - Comprehensive Emotion Recognition System Initialized
2025-08-02 12:11:37,269 - __main__ - INFO - Output directory: csv_data
2025-08-02 12:11:37,269 - __main__ - INFO - Checkpoint directory: csv_data\checkpoints
2025-08-02 12:11:37,271 - __main__ - INFO - Checkpoint Status:
2025-08-02 12:11:37,271 - __main__ - INFO -   Stage 1: [Available]
2025-08-02 12:11:37,271 - __main__ - INFO -   Stage 2: [Available]
2025-08-02 12:11:37,271 - __main__ - INFO -   Stage 3: [Not found]
2025-08-02 12:11:37,271 - __main__ - INFO -   Stage 4: [Not found]
2025-08-02 12:11:37,272 - __main__ - INFO -   Stage 5: [Not found]
2025-08-02 12:11:37,272 - __main__ - INFO -   Stage 6: [Not found]
2025-08-02 12:12:32,600 - __main__ - INFO - Starting comprehensive pipeline for stages: [3, 4, 5, 6]
2025-08-02 12:12:32,601 - __main__ - INFO - Validating data access...
2025-08-02 12:12:32,603 - data_processing.seed_iv_loader - INFO - SeedIVLoader initialized with base path: C:\Users\piyus\Downloads\SEED_IV\SEED_IV\eeg_feature_smooth
2025-08-02 12:12:32,604 - data_processing.seed_iv_loader - INFO - Scanning SEED-IV dataset...
2025-08-02 12:12:32,604 - data_processing.seed_iv_loader - INFO - Session 1: Found 15 .mat files
2025-08-02 12:12:32,606 - data_processing.seed_iv_loader - INFO - Session 2: Found 15 .mat files
2025-08-02 12:12:32,607 - data_processing.seed_iv_loader - INFO - Session 3: Found 15 .mat files
2025-08-02 12:12:32,607 - data_processing.seed_iv_loader - INFO - Total files found: 45
2025-08-02 12:12:32,607 - __main__ - INFO - Data validation successful. Found 3 subjects
2025-08-02 12:12:32,608 - __main__ - INFO - 
============================================================
2025-08-02 12:12:32,608 - __main__ - INFO - Running Stage 3: Advanced ML
2025-08-02 12:12:32,608 - __main__ - INFO - Target Accuracy: 85.0%
2025-08-02 12:12:32,608 - models.stage3_advanced - INFO - Starting Stage 3: Advanced ML Pipeline
2025-08-02 12:12:32,609 - models.stage3_advanced - INFO - Loading SEED-IV data for Stage 3...
2025-08-02 12:12:32,609 - data_processing.seed_iv_loader - INFO - SeedIVLoader initialized with base path: C:\Users\piyus\Downloads\SEED_IV\SEED_IV\eeg_feature_smooth
2025-08-02 12:12:32,609 - models.stage3_advanced - ERROR - Data loading failed: 'SeedIVLoader' object has no attribute 'load_all_subjects_balanced'
2025-08-02 12:12:32,609 - models.stage3_advanced - ERROR - Stage 3 pipeline failed: 'SeedIVLoader' object has no attribute 'load_all_subjects_balanced'
2025-08-02 12:12:32,611 - __main__ - INFO - Stage 3 completed in 0.0 seconds
2025-08-02 12:12:32,612 - __main__ - INFO - Stage 3 result saved to: csv_data\stage_3_result.json
2025-08-02 12:12:32,612 - __main__ - INFO - 
============================================================
2025-08-02 12:12:32,612 - __main__ - INFO - Running Stage 4: Deep Learning Foundation
2025-08-02 12:12:32,613 - __main__ - INFO - Target Accuracy: 88.0%
2025-08-02 12:12:32,614 - models.stage4_deeplearning - INFO - Using device: cpu
2025-08-02 12:12:32,614 - models.stage4_deeplearning - INFO - Starting Stage 4: Deep Learning Pipeline
2025-08-02 12:12:32,614 - models.stage4_deeplearning - INFO - Loading SEED-IV data for Stage 4...
2025-08-02 12:12:32,615 - data_processing.seed_iv_loader - INFO - SeedIVLoader initialized with base path: C:\Users\piyus\Downloads\SEED_IV\SEED_IV\eeg_feature_smooth
2025-08-02 12:12:32,615 - models.stage4_deeplearning - ERROR - Data loading failed: 'SeedIVLoader' object has no attribute 'load_all_subjects_balanced'
2025-08-02 12:12:32,616 - models.stage4_deeplearning - ERROR - Stage 4 pipeline failed: 'SeedIVLoader' object has no attribute 'load_all_subjects_balanced'
2025-08-02 12:12:32,620 - __main__ - INFO - Stage 4 completed in 0.0 seconds
2025-08-02 12:12:32,622 - __main__ - INFO - Stage 4 result saved to: csv_data\stage_4_result.json
2025-08-02 12:12:32,623 - __main__ - INFO - 
============================================================
2025-08-02 12:12:32,624 - __main__ - INFO - Running Stage 5: Advanced Deep Learning
2025-08-02 12:12:32,624 - __main__ - INFO - Target Accuracy: 92.0%
2025-08-02 12:12:32,624 - models.stage5_attention - INFO - Using device: cpu
2025-08-02 12:12:32,624 - models.stage5_attention - INFO - Starting Stage 5: Advanced Deep Learning Pipeline
2025-08-02 12:12:32,624 - models.stage5_attention - INFO - Loading SEED-IV data for Stage 5...
2025-08-02 12:12:32,625 - data_processing.seed_iv_loader - INFO - SeedIVLoader initialized with base path: C:\Users\piyus\Downloads\SEED_IV\SEED_IV\eeg_feature_smooth
2025-08-02 12:12:32,625 - models.stage5_attention - ERROR - Data loading failed: 'SeedIVLoader' object has no attribute 'load_all_subjects_balanced'
2025-08-02 12:12:32,625 - models.stage5_attention - ERROR - Stage 5 pipeline failed: 'SeedIVLoader' object has no attribute 'load_all_subjects_balanced'
2025-08-02 12:12:32,628 - __main__ - INFO - Stage 5 completed in 0.0 seconds
2025-08-02 12:12:32,629 - __main__ - INFO - Stage 5 result saved to: csv_data\stage_5_result.json
2025-08-02 12:12:32,629 - __main__ - INFO - 
============================================================
2025-08-02 12:12:32,629 - __main__ - INFO - Running Stage 6: State-of-Art Models
2025-08-02 12:12:32,630 - __main__ - INFO - Target Accuracy: 96.0%
2025-08-02 12:12:32,630 - models.stage6_transformer - INFO - Using device: cpu
2025-08-02 12:12:32,630 - models.stage6_transformer - INFO - Starting Stage 6: State-of-the-Art Pipeline
2025-08-02 12:12:32,630 - models.stage6_transformer - INFO - Loading SEED-IV data for Stage 6...
2025-08-02 12:12:32,630 - data_processing.seed_iv_loader - INFO - SeedIVLoader initialized with base path: C:\Users\piyus\Downloads\SEED_IV\SEED_IV\eeg_feature_smooth
2025-08-02 12:12:32,630 - models.stage6_transformer - ERROR - Data loading failed: 'SeedIVLoader' object has no attribute 'load_all_subjects_balanced'
2025-08-02 12:12:32,631 - models.stage6_transformer - ERROR - Stage 6 pipeline failed: 'SeedIVLoader' object has no attribute 'load_all_subjects_balanced'
2025-08-02 12:12:32,633 - __main__ - INFO - Stage 6 completed in 0.0 seconds
2025-08-02 12:12:32,634 - __main__ - INFO - Stage 6 result saved to: csv_data\stage_6_result.json
2025-08-02 12:12:32,634 - __main__ - INFO - Generating comprehensive report...
2025-08-02 12:12:32,634 - __main__ - INFO - Report saved to: csv_data\comprehensive_report.txt
2025-08-02 12:12:32,635 - __main__ - INFO - Pipeline completed in 0.0 seconds
2025-08-02 12:18:32,360 - __main__ - INFO - Comprehensive Emotion Recognition System Initialized
2025-08-02 12:18:32,360 - __main__ - INFO - Output directory: csv_data
2025-08-02 12:18:32,360 - __main__ - INFO - Checkpoint directory: csv_data\checkpoints
2025-08-02 12:18:32,361 - __main__ - INFO - Checkpoint Status:
2025-08-02 12:18:32,361 - __main__ - INFO -   Stage 1: [Available]
2025-08-02 12:18:32,361 - __main__ - INFO -   Stage 2: [Available]
2025-08-02 12:18:32,361 - __main__ - INFO -   Stage 3: [Not found]
2025-08-02 12:18:32,361 - __main__ - INFO -   Stage 4: [Not found]
2025-08-02 12:18:32,361 - __main__ - INFO -   Stage 5: [Not found]
2025-08-02 12:18:32,361 - __main__ - INFO -   Stage 6: [Not found]
2025-08-02 12:19:11,583 - __main__ - INFO - Starting comprehensive pipeline for stages: [3, 4, 5, 6]
2025-08-02 12:19:11,584 - __main__ - INFO - Validating data access...
2025-08-02 12:19:11,586 - data_processing.seed_iv_loader - INFO - SeedIVLoader initialized with base path: C:\Users\piyus\Downloads\SEED_IV\SEED_IV\eeg_feature_smooth
2025-08-02 12:19:11,586 - data_processing.seed_iv_loader - INFO - Scanning SEED-IV dataset...
2025-08-02 12:19:11,588 - data_processing.seed_iv_loader - INFO - Session 1: Found 15 .mat files
2025-08-02 12:19:11,589 - data_processing.seed_iv_loader - INFO - Session 2: Found 15 .mat files
2025-08-02 12:19:11,589 - data_processing.seed_iv_loader - INFO - Session 3: Found 15 .mat files
2025-08-02 12:19:11,590 - data_processing.seed_iv_loader - INFO - Total files found: 45
2025-08-02 12:19:11,591 - __main__ - INFO - Data validation successful. Found 3 subjects
2025-08-02 12:19:11,592 - __main__ - INFO - 
============================================================
2025-08-02 12:19:11,593 - __main__ - INFO - Running Stage 3: Advanced ML
2025-08-02 12:19:11,594 - __main__ - INFO - Target Accuracy: 85.0%
2025-08-02 12:19:11,594 - models.stage3_advanced - INFO - Starting Stage 3: Advanced ML Pipeline
2025-08-02 12:19:11,595 - models.stage3_advanced - INFO - Loading SEED-IV data for Stage 3...
2025-08-02 12:19:11,596 - data_processing.seed_iv_loader - INFO - SeedIVLoader initialized with base path: C:\Users\piyus\Downloads\SEED_IV\SEED_IV\eeg_feature_smooth
2025-08-02 12:19:11,597 - data_processing.seed_iv_loader - INFO - Loading subjects with balanced sampling from .mat files
2025-08-02 12:19:11,598 - data_processing.seed_iv_loader - INFO - Feature type: de_LDS
2025-08-02 12:19:11,598 - data_processing.seed_iv_loader - INFO - BALANCED SAMPLING MODE:
2025-08-02 12:19:11,598 - data_processing.seed_iv_loader - INFO -   Selected males: [1, 2, 6, 7] (4 subjects)
2025-08-02 12:19:11,599 - data_processing.seed_iv_loader - INFO -   Selected females: [3, 4, 5, 8, 9, 10] (6 subjects)
2025-08-02 12:19:11,599 - data_processing.seed_iv_loader - INFO -   Total subjects: [1, 2, 3, 4, 5, 6, 7, 8, 9, 10] (10 subjects)
2025-08-02 12:19:11,600 - data_processing.seed_iv_loader - INFO -   Gender ratio: 4/6 = 0.67
2025-08-02 12:19:11,600 - data_processing.seed_iv_loader - INFO - Loading Subject 1...
2025-08-02 12:19:11,600 - data_processing.seed_iv_loader - INFO - Loading data for Subject 1 (all sessions)
2025-08-02 12:19:11,802 - data_processing.seed_iv_loader - INFO - Loaded Subject 1: 2505 samples, 2 feature types
2025-08-02 12:19:11,804 - data_processing.seed_iv_loader - INFO - Subject 1: 2505 samples (natural, no truncation)
2025-08-02 12:19:11,805 - data_processing.seed_iv_loader - INFO -   Emotion distribution: Neutral=628, Sad=628, Fear=627, Happy=622
2025-08-02 12:19:11,805 - data_processing.seed_iv_loader - INFO -   Cumulative samples: 2505
2025-08-02 12:19:11,805 - data_processing.seed_iv_loader - INFO - Loading Subject 2...
2025-08-02 12:19:11,805 - data_processing.seed_iv_loader - INFO - Loading data for Subject 2 (all sessions)
2025-08-02 12:19:12,002 - data_processing.seed_iv_loader - INFO - Loaded Subject 2: 2505 samples, 2 feature types
2025-08-02 12:19:12,006 - data_processing.seed_iv_loader - INFO - Subject 2: 2505 samples (natural, no truncation)
2025-08-02 12:19:12,007 - data_processing.seed_iv_loader - INFO -   Emotion distribution: Neutral=628, Sad=628, Fear=627, Happy=622
2025-08-02 12:19:12,007 - data_processing.seed_iv_loader - INFO -   Cumulative samples: 5010
2025-08-02 12:19:12,007 - data_processing.seed_iv_loader - INFO - Loading Subject 3...
2025-08-02 12:19:12,007 - data_processing.seed_iv_loader - INFO - Loading data for Subject 3 (all sessions)
2025-08-02 12:19:12,194 - data_processing.seed_iv_loader - INFO - Loaded Subject 3: 2505 samples, 2 feature types
2025-08-02 12:19:12,196 - data_processing.seed_iv_loader - INFO - Subject 3: 2505 samples (natural, no truncation)
2025-08-02 12:19:12,196 - data_processing.seed_iv_loader - INFO -   Emotion distribution: Neutral=628, Sad=628, Fear=627, Happy=622
2025-08-02 12:19:12,196 - data_processing.seed_iv_loader - INFO -   Cumulative samples: 7515
2025-08-02 12:19:12,196 - data_processing.seed_iv_loader - INFO - Loading Subject 4...
2025-08-02 12:19:12,197 - data_processing.seed_iv_loader - INFO - Loading data for Subject 4 (all sessions)
2025-08-02 12:19:12,368 - data_processing.seed_iv_loader - INFO - Loaded Subject 4: 2505 samples, 2 feature types
2025-08-02 12:19:12,370 - data_processing.seed_iv_loader - INFO - Subject 4: 2505 samples (natural, no truncation)
2025-08-02 12:19:12,371 - data_processing.seed_iv_loader - INFO -   Emotion distribution: Neutral=628, Sad=628, Fear=627, Happy=622
2025-08-02 12:19:12,371 - data_processing.seed_iv_loader - INFO -   Cumulative samples: 10020
2025-08-02 12:19:12,371 - data_processing.seed_iv_loader - INFO - Reached target samples (10000), stopping at Subject 4
2025-08-02 12:19:12,376 - data_processing.seed_iv_loader - INFO - 
=== FINAL DATASET SUMMARY ===
2025-08-02 12:19:12,376 - data_processing.seed_iv_loader - INFO - Total samples: 10020
2025-08-02 12:19:12,376 - data_processing.seed_iv_loader - INFO - Feature dimensions: (10020, 310)
2025-08-02 12:19:12,378 - data_processing.seed_iv_loader - INFO - Subjects loaded: [1, 2, 3, 4]
2025-08-02 12:19:12,378 - data_processing.seed_iv_loader - INFO - Gender balance: 4 males + 6 females
2025-08-02 12:19:12,378 - data_processing.seed_iv_loader - INFO - 
Emotion Distribution:
2025-08-02 12:19:12,378 - data_processing.seed_iv_loader - INFO -   Neutral (0): 2512 (25.1%)
2025-08-02 12:19:12,378 - data_processing.seed_iv_loader - INFO -   Sad (1):     2512 (25.1%)
2025-08-02 12:19:12,378 - data_processing.seed_iv_loader - INFO -   Fear (2):    2508 (25.0%)
2025-08-02 12:19:12,378 - data_processing.seed_iv_loader - INFO -   Happy (3):   2488 (24.8%)
2025-08-02 12:19:12,379 - data_processing.seed_iv_loader - INFO - Emotion balance score: 0.998 (1.0 = perfect balance)
2025-08-02 12:19:12,379 - data_processing.seed_iv_loader - INFO - EXCELLENT emotion balance achieved!
2025-08-02 12:19:12,380 - data_processing.seed_iv_loader - INFO - Data source: Natural .mat files (no artificial truncation)
2025-08-02 12:19:12,380 - data_processing.seed_iv_loader - INFO - ===============================

2025-08-02 12:19:12,384 - models.stage3_advanced - INFO - Loaded data: 10020 samples, 310 features
2025-08-02 12:19:12,386 - models.stage3_advanced - INFO - Class distribution: {0: 2512, 1: 2512, 2: 2508, 3: 2488}
2025-08-02 12:19:12,399 - models.stage3_advanced - INFO - Training set: 10020 samples from subjects [1 2 3 4]
2025-08-02 12:19:12,399 - models.stage3_advanced - INFO - Test set: 0 samples from subjects []
2025-08-02 12:19:12,400 - models.stage3_advanced - INFO - Training Stage 3: Advanced ML Models
2025-08-02 12:19:12,489 - models.stage3_advanced - ERROR - Stage 3 pipeline failed: Found array with 0 sample(s) (shape=(0, 310)) while a minimum of 1 is required by RobustScaler.
2025-08-02 12:19:12,501 - __main__ - INFO - Stage 3 completed in 0.9 seconds
2025-08-02 12:19:12,503 - __main__ - INFO - Stage 3 result saved to: csv_data\stage_3_result.json
2025-08-02 12:19:12,503 - __main__ - INFO - 
============================================================
2025-08-02 12:19:12,504 - __main__ - INFO - Running Stage 4: Deep Learning Foundation
2025-08-02 12:19:12,504 - __main__ - INFO - Target Accuracy: 88.0%
2025-08-02 12:19:12,504 - models.stage4_deeplearning - INFO - Using device: cpu
2025-08-02 12:19:12,504 - models.stage4_deeplearning - INFO - Starting Stage 4: Deep Learning Pipeline
2025-08-02 12:19:12,504 - models.stage4_deeplearning - INFO - Loading SEED-IV data for Stage 4...
2025-08-02 12:19:12,505 - data_processing.seed_iv_loader - INFO - SeedIVLoader initialized with base path: C:\Users\piyus\Downloads\SEED_IV\SEED_IV\eeg_feature_smooth
2025-08-02 12:19:12,505 - data_processing.seed_iv_loader - INFO - Loading subjects with balanced sampling from .mat files
2025-08-02 12:19:12,505 - data_processing.seed_iv_loader - INFO - Feature type: de_LDS
2025-08-02 12:19:12,505 - data_processing.seed_iv_loader - INFO - BALANCED SAMPLING MODE:
2025-08-02 12:19:12,506 - data_processing.seed_iv_loader - INFO -   Selected males: [1, 2, 6, 7] (4 subjects)
2025-08-02 12:19:12,506 - data_processing.seed_iv_loader - INFO -   Selected females: [3, 4, 5, 8, 9, 10] (6 subjects)
2025-08-02 12:19:12,506 - data_processing.seed_iv_loader - INFO -   Total subjects: [1, 2, 3, 4, 5, 6, 7, 8, 9, 10] (10 subjects)
2025-08-02 12:19:12,506 - data_processing.seed_iv_loader - INFO -   Gender ratio: 4/6 = 0.67
2025-08-02 12:19:12,506 - data_processing.seed_iv_loader - INFO - Loading Subject 1...
2025-08-02 12:19:12,507 - data_processing.seed_iv_loader - INFO - Loading data for Subject 1 (all sessions)
2025-08-02 12:19:12,646 - data_processing.seed_iv_loader - INFO - Loaded Subject 1: 2505 samples, 2 feature types
2025-08-02 12:19:12,650 - data_processing.seed_iv_loader - INFO - Subject 1: 2505 samples (natural, no truncation)
2025-08-02 12:19:12,651 - data_processing.seed_iv_loader - INFO -   Emotion distribution: Neutral=628, Sad=628, Fear=627, Happy=622
2025-08-02 12:19:12,652 - data_processing.seed_iv_loader - INFO -   Cumulative samples: 2505
2025-08-02 12:19:12,652 - data_processing.seed_iv_loader - INFO - Loading Subject 2...
2025-08-02 12:19:12,652 - data_processing.seed_iv_loader - INFO - Loading data for Subject 2 (all sessions)
2025-08-02 12:19:12,807 - data_processing.seed_iv_loader - INFO - Loaded Subject 2: 2505 samples, 2 feature types
2025-08-02 12:19:12,809 - data_processing.seed_iv_loader - INFO - Subject 2: 2505 samples (natural, no truncation)
2025-08-02 12:19:12,809 - data_processing.seed_iv_loader - INFO -   Emotion distribution: Neutral=628, Sad=628, Fear=627, Happy=622
2025-08-02 12:19:12,809 - data_processing.seed_iv_loader - INFO -   Cumulative samples: 5010
2025-08-02 12:19:12,810 - data_processing.seed_iv_loader - INFO - Loading Subject 3...
2025-08-02 12:19:12,810 - data_processing.seed_iv_loader - INFO - Loading data for Subject 3 (all sessions)
2025-08-02 12:19:12,968 - data_processing.seed_iv_loader - INFO - Loaded Subject 3: 2505 samples, 2 feature types
2025-08-02 12:19:12,972 - data_processing.seed_iv_loader - INFO - Subject 3: 2505 samples (natural, no truncation)
2025-08-02 12:19:12,973 - data_processing.seed_iv_loader - INFO -   Emotion distribution: Neutral=628, Sad=628, Fear=627, Happy=622
2025-08-02 12:19:12,974 - data_processing.seed_iv_loader - INFO -   Cumulative samples: 7515
2025-08-02 12:19:12,974 - data_processing.seed_iv_loader - INFO - Loading Subject 4...
2025-08-02 12:19:12,974 - data_processing.seed_iv_loader - INFO - Loading data for Subject 4 (all sessions)
2025-08-02 12:19:13,149 - data_processing.seed_iv_loader - INFO - Loaded Subject 4: 2505 samples, 2 feature types
2025-08-02 12:19:13,151 - data_processing.seed_iv_loader - INFO - Subject 4: 2505 samples (natural, no truncation)
2025-08-02 12:19:13,152 - data_processing.seed_iv_loader - INFO -   Emotion distribution: Neutral=628, Sad=628, Fear=627, Happy=622
2025-08-02 12:19:13,152 - data_processing.seed_iv_loader - INFO -   Cumulative samples: 10020
2025-08-02 12:19:13,152 - data_processing.seed_iv_loader - INFO - Reached target samples (10000), stopping at Subject 4
2025-08-02 12:19:13,157 - data_processing.seed_iv_loader - INFO - 
=== FINAL DATASET SUMMARY ===
2025-08-02 12:19:13,157 - data_processing.seed_iv_loader - INFO - Total samples: 10020
2025-08-02 12:19:13,157 - data_processing.seed_iv_loader - INFO - Feature dimensions: (10020, 310)
2025-08-02 12:19:13,157 - data_processing.seed_iv_loader - INFO - Subjects loaded: [1, 2, 3, 4]
2025-08-02 12:19:13,157 - data_processing.seed_iv_loader - INFO - Gender balance: 4 males + 6 females
2025-08-02 12:19:13,157 - data_processing.seed_iv_loader - INFO - 
Emotion Distribution:
2025-08-02 12:19:13,157 - data_processing.seed_iv_loader - INFO -   Neutral (0): 2512 (25.1%)
2025-08-02 12:19:13,157 - data_processing.seed_iv_loader - INFO -   Sad (1):     2512 (25.1%)
2025-08-02 12:19:13,158 - data_processing.seed_iv_loader - INFO -   Fear (2):    2508 (25.0%)
2025-08-02 12:19:13,158 - data_processing.seed_iv_loader - INFO -   Happy (3):   2488 (24.8%)
2025-08-02 12:19:13,158 - data_processing.seed_iv_loader - INFO - Emotion balance score: 0.998 (1.0 = perfect balance)
2025-08-02 12:19:13,158 - data_processing.seed_iv_loader - INFO - EXCELLENT emotion balance achieved!
2025-08-02 12:19:13,158 - data_processing.seed_iv_loader - INFO - Data source: Natural .mat files (no artificial truncation)
2025-08-02 12:19:13,158 - data_processing.seed_iv_loader - INFO - ===============================

2025-08-02 12:19:13,160 - models.stage4_deeplearning - INFO - Loaded data: 10020 samples, 310 features
2025-08-02 12:19:13,170 - models.stage4_deeplearning - INFO - Training: 10020 samples, Testing: 0 samples
2025-08-02 12:19:13,173 - models.stage4_deeplearning - INFO - Training Stage 4: Deep Learning Models
2025-08-02 12:19:13,247 - models.stage4_deeplearning - ERROR - Stage 4 pipeline failed: Found array with 0 sample(s) (shape=(0, 310)) while a minimum of 1 is required by StandardScaler.
2025-08-02 12:19:13,252 - __main__ - INFO - Stage 4 completed in 0.7 seconds
2025-08-02 12:19:13,253 - __main__ - INFO - Stage 4 result saved to: csv_data\stage_4_result.json
2025-08-02 12:19:13,253 - __main__ - INFO - 
============================================================
2025-08-02 12:19:13,253 - __main__ - INFO - Running Stage 5: Advanced Deep Learning
2025-08-02 12:19:13,253 - __main__ - INFO - Target Accuracy: 92.0%
2025-08-02 12:19:13,254 - models.stage5_attention - INFO - Using device: cpu
2025-08-02 12:19:13,254 - models.stage5_attention - INFO - Starting Stage 5: Advanced Deep Learning Pipeline
2025-08-02 12:19:13,254 - models.stage5_attention - INFO - Loading SEED-IV data for Stage 5...
2025-08-02 12:19:13,254 - data_processing.seed_iv_loader - INFO - SeedIVLoader initialized with base path: C:\Users\piyus\Downloads\SEED_IV\SEED_IV\eeg_feature_smooth
2025-08-02 12:19:13,254 - data_processing.seed_iv_loader - INFO - Loading subjects with balanced sampling from .mat files
2025-08-02 12:19:13,254 - data_processing.seed_iv_loader - INFO - Feature type: de_LDS
2025-08-02 12:19:13,254 - data_processing.seed_iv_loader - INFO - BALANCED SAMPLING MODE:
2025-08-02 12:19:13,255 - data_processing.seed_iv_loader - INFO -   Selected males: [1, 2, 6, 7] (4 subjects)
2025-08-02 12:19:13,255 - data_processing.seed_iv_loader - INFO -   Selected females: [3, 4, 5, 8, 9, 10] (6 subjects)
2025-08-02 12:19:13,255 - data_processing.seed_iv_loader - INFO -   Total subjects: [1, 2, 3, 4, 5, 6, 7, 8, 9, 10] (10 subjects)
2025-08-02 12:19:13,255 - data_processing.seed_iv_loader - INFO -   Gender ratio: 4/6 = 0.67
2025-08-02 12:19:13,255 - data_processing.seed_iv_loader - INFO - Loading Subject 1...
2025-08-02 12:19:13,255 - data_processing.seed_iv_loader - INFO - Loading data for Subject 1 (all sessions)
2025-08-02 12:19:13,414 - data_processing.seed_iv_loader - INFO - Loaded Subject 1: 2505 samples, 2 feature types
2025-08-02 12:19:13,416 - data_processing.seed_iv_loader - INFO - Subject 1: 2505 samples (natural, no truncation)
2025-08-02 12:19:13,417 - data_processing.seed_iv_loader - INFO -   Emotion distribution: Neutral=628, Sad=628, Fear=627, Happy=622
2025-08-02 12:19:13,417 - data_processing.seed_iv_loader - INFO -   Cumulative samples: 2505
2025-08-02 12:19:13,417 - data_processing.seed_iv_loader - INFO - Loading Subject 2...
2025-08-02 12:19:13,417 - data_processing.seed_iv_loader - INFO - Loading data for Subject 2 (all sessions)
2025-08-02 12:19:13,583 - data_processing.seed_iv_loader - INFO - Loaded Subject 2: 2505 samples, 2 feature types
2025-08-02 12:19:13,585 - data_processing.seed_iv_loader - INFO - Subject 2: 2505 samples (natural, no truncation)
2025-08-02 12:19:13,585 - data_processing.seed_iv_loader - INFO -   Emotion distribution: Neutral=628, Sad=628, Fear=627, Happy=622
2025-08-02 12:19:13,585 - data_processing.seed_iv_loader - INFO -   Cumulative samples: 5010
2025-08-02 12:19:13,585 - data_processing.seed_iv_loader - INFO - Loading Subject 3...
2025-08-02 12:19:13,586 - data_processing.seed_iv_loader - INFO - Loading data for Subject 3 (all sessions)
2025-08-02 12:19:13,753 - data_processing.seed_iv_loader - INFO - Loaded Subject 3: 2505 samples, 2 feature types
2025-08-02 12:19:13,755 - data_processing.seed_iv_loader - INFO - Subject 3: 2505 samples (natural, no truncation)
2025-08-02 12:19:13,756 - data_processing.seed_iv_loader - INFO -   Emotion distribution: Neutral=628, Sad=628, Fear=627, Happy=622
2025-08-02 12:19:13,757 - data_processing.seed_iv_loader - INFO -   Cumulative samples: 7515
2025-08-02 12:19:13,757 - data_processing.seed_iv_loader - INFO - Loading Subject 4...
2025-08-02 12:19:13,757 - data_processing.seed_iv_loader - INFO - Loading data for Subject 4 (all sessions)
2025-08-02 12:19:13,896 - data_processing.seed_iv_loader - INFO - Loaded Subject 4: 2505 samples, 2 feature types
2025-08-02 12:19:13,899 - data_processing.seed_iv_loader - INFO - Subject 4: 2505 samples (natural, no truncation)
2025-08-02 12:19:13,899 - data_processing.seed_iv_loader - INFO -   Emotion distribution: Neutral=628, Sad=628, Fear=627, Happy=622
2025-08-02 12:19:13,899 - data_processing.seed_iv_loader - INFO -   Cumulative samples: 10020
2025-08-02 12:19:13,900 - data_processing.seed_iv_loader - INFO - Reached target samples (10000), stopping at Subject 4
2025-08-02 12:19:13,905 - data_processing.seed_iv_loader - INFO - 
=== FINAL DATASET SUMMARY ===
2025-08-02 12:19:13,905 - data_processing.seed_iv_loader - INFO - Total samples: 10020
2025-08-02 12:19:13,905 - data_processing.seed_iv_loader - INFO - Feature dimensions: (10020, 310)
2025-08-02 12:19:13,905 - data_processing.seed_iv_loader - INFO - Subjects loaded: [1, 2, 3, 4]
2025-08-02 12:19:13,905 - data_processing.seed_iv_loader - INFO - Gender balance: 4 males + 6 females
2025-08-02 12:19:13,905 - data_processing.seed_iv_loader - INFO - 
Emotion Distribution:
2025-08-02 12:19:13,906 - data_processing.seed_iv_loader - INFO -   Neutral (0): 2512 (25.1%)
2025-08-02 12:19:13,906 - data_processing.seed_iv_loader - INFO -   Sad (1):     2512 (25.1%)
2025-08-02 12:19:13,906 - data_processing.seed_iv_loader - INFO -   Fear (2):    2508 (25.0%)
2025-08-02 12:19:13,906 - data_processing.seed_iv_loader - INFO -   Happy (3):   2488 (24.8%)
2025-08-02 12:19:13,906 - data_processing.seed_iv_loader - INFO - Emotion balance score: 0.998 (1.0 = perfect balance)
2025-08-02 12:19:13,907 - data_processing.seed_iv_loader - INFO - EXCELLENT emotion balance achieved!
2025-08-02 12:19:13,907 - data_processing.seed_iv_loader - INFO - Data source: Natural .mat files (no artificial truncation)
2025-08-02 12:19:13,907 - data_processing.seed_iv_loader - INFO - ===============================

2025-08-02 12:19:13,908 - models.stage5_attention - INFO - Loaded data: 10020 samples, 310 features
2025-08-02 12:19:13,916 - models.stage5_attention - INFO - Training: 10020 samples, Testing: 0 samples
2025-08-02 12:19:13,959 - models.stage5_attention - ERROR - Stage 5 pipeline failed: Found array with 0 sample(s) (shape=(0, 310)) while a minimum of 1 is required by StandardScaler.
2025-08-02 12:19:13,963 - __main__ - INFO - Stage 5 completed in 0.7 seconds
2025-08-02 12:19:13,964 - __main__ - INFO - Stage 5 result saved to: csv_data\stage_5_result.json
2025-08-02 12:19:13,965 - __main__ - INFO - 
============================================================
2025-08-02 12:19:13,965 - __main__ - INFO - Running Stage 6: State-of-Art Models
2025-08-02 12:19:13,965 - __main__ - INFO - Target Accuracy: 96.0%
2025-08-02 12:19:13,965 - models.stage6_transformer - INFO - Using device: cpu
2025-08-02 12:19:13,965 - models.stage6_transformer - INFO - Starting Stage 6: State-of-the-Art Pipeline
2025-08-02 12:19:13,965 - models.stage6_transformer - INFO - Loading SEED-IV data for Stage 6...
2025-08-02 12:19:13,966 - data_processing.seed_iv_loader - INFO - SeedIVLoader initialized with base path: C:\Users\piyus\Downloads\SEED_IV\SEED_IV\eeg_feature_smooth
2025-08-02 12:19:13,966 - data_processing.seed_iv_loader - INFO - Loading subjects with balanced sampling from .mat files
2025-08-02 12:19:13,966 - data_processing.seed_iv_loader - INFO - Feature type: de_LDS
2025-08-02 12:19:13,966 - data_processing.seed_iv_loader - INFO - BALANCED SAMPLING MODE:
2025-08-02 12:19:13,966 - data_processing.seed_iv_loader - INFO -   Selected males: [1, 2, 6, 7] (4 subjects)
2025-08-02 12:19:13,966 - data_processing.seed_iv_loader - INFO -   Selected females: [3, 4, 5, 8, 9, 10] (6 subjects)
2025-08-02 12:19:13,966 - data_processing.seed_iv_loader - INFO -   Total subjects: [1, 2, 3, 4, 5, 6, 7, 8, 9, 10] (10 subjects)
2025-08-02 12:19:13,966 - data_processing.seed_iv_loader - INFO -   Gender ratio: 4/6 = 0.67
2025-08-02 12:19:13,967 - data_processing.seed_iv_loader - INFO - Loading Subject 1...
2025-08-02 12:19:13,967 - data_processing.seed_iv_loader - INFO - Loading data for Subject 1 (all sessions)
2025-08-02 12:19:14,106 - data_processing.seed_iv_loader - INFO - Loaded Subject 1: 2505 samples, 2 feature types
2025-08-02 12:19:14,111 - data_processing.seed_iv_loader - INFO - Subject 1: 2505 samples (natural, no truncation)
2025-08-02 12:19:14,112 - data_processing.seed_iv_loader - INFO -   Emotion distribution: Neutral=628, Sad=628, Fear=627, Happy=622
2025-08-02 12:19:14,112 - data_processing.seed_iv_loader - INFO -   Cumulative samples: 2505
2025-08-02 12:19:14,112 - data_processing.seed_iv_loader - INFO - Loading Subject 2...
2025-08-02 12:19:14,113 - data_processing.seed_iv_loader - INFO - Loading data for Subject 2 (all sessions)
2025-08-02 12:19:14,260 - data_processing.seed_iv_loader - INFO - Loaded Subject 2: 2505 samples, 2 feature types
2025-08-02 12:19:14,262 - data_processing.seed_iv_loader - INFO - Subject 2: 2505 samples (natural, no truncation)
2025-08-02 12:19:14,263 - data_processing.seed_iv_loader - INFO -   Emotion distribution: Neutral=628, Sad=628, Fear=627, Happy=622
2025-08-02 12:19:14,263 - data_processing.seed_iv_loader - INFO -   Cumulative samples: 5010
2025-08-02 12:19:14,264 - data_processing.seed_iv_loader - INFO - Loading Subject 3...
2025-08-02 12:19:14,264 - data_processing.seed_iv_loader - INFO - Loading data for Subject 3 (all sessions)
2025-08-02 12:19:14,408 - data_processing.seed_iv_loader - INFO - Loaded Subject 3: 2505 samples, 2 feature types
2025-08-02 12:19:14,410 - data_processing.seed_iv_loader - INFO - Subject 3: 2505 samples (natural, no truncation)
2025-08-02 12:19:14,411 - data_processing.seed_iv_loader - INFO -   Emotion distribution: Neutral=628, Sad=628, Fear=627, Happy=622
2025-08-02 12:19:14,411 - data_processing.seed_iv_loader - INFO -   Cumulative samples: 7515
2025-08-02 12:19:14,411 - data_processing.seed_iv_loader - INFO - Loading Subject 4...
2025-08-02 12:19:14,411 - data_processing.seed_iv_loader - INFO - Loading data for Subject 4 (all sessions)
2025-08-02 12:19:14,551 - data_processing.seed_iv_loader - INFO - Loaded Subject 4: 2505 samples, 2 feature types
2025-08-02 12:19:14,555 - data_processing.seed_iv_loader - INFO - Subject 4: 2505 samples (natural, no truncation)
2025-08-02 12:19:14,556 - data_processing.seed_iv_loader - INFO -   Emotion distribution: Neutral=628, Sad=628, Fear=627, Happy=622
2025-08-02 12:19:14,556 - data_processing.seed_iv_loader - INFO -   Cumulative samples: 10020
2025-08-02 12:19:14,557 - data_processing.seed_iv_loader - INFO - Reached target samples (10000), stopping at Subject 4
2025-08-02 12:19:14,565 - data_processing.seed_iv_loader - INFO - 
=== FINAL DATASET SUMMARY ===
2025-08-02 12:19:14,565 - data_processing.seed_iv_loader - INFO - Total samples: 10020
2025-08-02 12:19:14,565 - data_processing.seed_iv_loader - INFO - Feature dimensions: (10020, 310)
2025-08-02 12:19:14,565 - data_processing.seed_iv_loader - INFO - Subjects loaded: [1, 2, 3, 4]
2025-08-02 12:19:14,565 - data_processing.seed_iv_loader - INFO - Gender balance: 4 males + 6 females
2025-08-02 12:19:14,565 - data_processing.seed_iv_loader - INFO - 
Emotion Distribution:
2025-08-02 12:19:14,566 - data_processing.seed_iv_loader - INFO -   Neutral (0): 2512 (25.1%)
2025-08-02 12:19:14,566 - data_processing.seed_iv_loader - INFO -   Sad (1):     2512 (25.1%)
2025-08-02 12:19:14,566 - data_processing.seed_iv_loader - INFO -   Fear (2):    2508 (25.0%)
2025-08-02 12:19:14,566 - data_processing.seed_iv_loader - INFO -   Happy (3):   2488 (24.8%)
2025-08-02 12:19:14,566 - data_processing.seed_iv_loader - INFO - Emotion balance score: 0.998 (1.0 = perfect balance)
2025-08-02 12:19:14,566 - data_processing.seed_iv_loader - INFO - EXCELLENT emotion balance achieved!
2025-08-02 12:19:14,566 - data_processing.seed_iv_loader - INFO - Data source: Natural .mat files (no artificial truncation)
2025-08-02 12:19:14,567 - data_processing.seed_iv_loader - INFO - ===============================

2025-08-02 12:19:14,568 - models.stage6_transformer - INFO - Loaded data: 10020 samples, 310 features
2025-08-02 12:19:14,579 - models.stage6_transformer - INFO - Training: 10020 samples, Testing: 0 samples
2025-08-02 12:19:14,619 - models.stage6_transformer - ERROR - Stage 6 pipeline failed: Found array with 0 sample(s) (shape=(0, 310)) while a minimum of 1 is required by StandardScaler.
2025-08-02 12:19:14,623 - __main__ - INFO - Stage 6 completed in 0.7 seconds
2025-08-02 12:19:14,624 - __main__ - INFO - Stage 6 result saved to: csv_data\stage_6_result.json
2025-08-02 12:19:14,624 - __main__ - INFO - Generating comprehensive report...
2025-08-02 12:19:14,625 - __main__ - INFO - Report saved to: csv_data\comprehensive_report.txt
2025-08-02 12:19:14,625 - __main__ - INFO - Pipeline completed in 3.0 seconds
2025-08-02 12:22:18,364 - __main__ - INFO - Comprehensive Emotion Recognition System Initialized
2025-08-02 12:22:18,364 - __main__ - INFO - Output directory: csv_data
2025-08-02 12:22:18,364 - __main__ - INFO - Checkpoint directory: csv_data\checkpoints
2025-08-02 12:22:18,365 - __main__ - INFO - Checkpoint Status:
2025-08-02 12:22:18,365 - __main__ - INFO -   Stage 1: [Available]
2025-08-02 12:22:18,365 - __main__ - INFO -   Stage 2: [Available]
2025-08-02 12:22:18,365 - __main__ - INFO -   Stage 3: [Not found]
2025-08-02 12:22:18,365 - __main__ - INFO -   Stage 4: [Not found]
2025-08-02 12:22:18,365 - __main__ - INFO -   Stage 5: [Not found]
2025-08-02 12:22:18,365 - __main__ - INFO -   Stage 6: [Not found]
2025-08-02 12:22:21,437 - __main__ - INFO - Starting comprehensive pipeline for stages: [3, 4, 5, 6]
2025-08-02 12:22:21,437 - __main__ - INFO - Validating data access...
2025-08-02 12:22:21,437 - data_processing.seed_iv_loader - INFO - SeedIVLoader initialized with base path: C:\Users\piyus\Downloads\SEED_IV\SEED_IV\eeg_feature_smooth
2025-08-02 12:22:21,437 - data_processing.seed_iv_loader - INFO - Scanning SEED-IV dataset...
2025-08-02 12:22:21,438 - data_processing.seed_iv_loader - INFO - Session 1: Found 15 .mat files
2025-08-02 12:22:21,438 - data_processing.seed_iv_loader - INFO - Session 2: Found 15 .mat files
2025-08-02 12:22:21,439 - data_processing.seed_iv_loader - INFO - Session 3: Found 15 .mat files
2025-08-02 12:22:21,439 - data_processing.seed_iv_loader - INFO - Total files found: 45
2025-08-02 12:22:21,439 - __main__ - INFO - Data validation successful. Found 3 subjects
2025-08-02 12:22:21,439 - __main__ - INFO - 
============================================================
2025-08-02 12:22:21,440 - __main__ - INFO - Running Stage 3: Advanced ML
2025-08-02 12:22:21,440 - __main__ - INFO - Target Accuracy: 85.0%
2025-08-02 12:22:21,440 - models.stage3_advanced - INFO - Starting Stage 3: Advanced ML Pipeline
2025-08-02 12:22:21,440 - models.stage3_advanced - INFO - Loading SEED-IV data for Stage 3...
2025-08-02 12:22:21,440 - data_processing.seed_iv_loader - INFO - SeedIVLoader initialized with base path: C:\Users\piyus\Downloads\SEED_IV\SEED_IV\eeg_feature_smooth
2025-08-02 12:22:21,441 - data_processing.seed_iv_loader - INFO - Loading subjects with balanced sampling from .mat files
2025-08-02 12:22:21,441 - data_processing.seed_iv_loader - INFO - Feature type: de_LDS
2025-08-02 12:22:21,441 - data_processing.seed_iv_loader - INFO - BALANCED SAMPLING MODE:
2025-08-02 12:22:21,441 - data_processing.seed_iv_loader - INFO -   Selected males: [1, 2, 6, 7] (4 subjects)
2025-08-02 12:22:21,441 - data_processing.seed_iv_loader - INFO -   Selected females: [3, 4, 5, 8, 9, 10] (6 subjects)
2025-08-02 12:22:21,441 - data_processing.seed_iv_loader - INFO -   Total subjects: [1, 2, 3, 4, 5, 6, 7, 8, 9, 10] (10 subjects)
2025-08-02 12:22:21,441 - data_processing.seed_iv_loader - INFO -   Gender ratio: 4/6 = 0.67
2025-08-02 12:22:21,441 - data_processing.seed_iv_loader - INFO - Loading Subject 1...
2025-08-02 12:22:21,441 - data_processing.seed_iv_loader - INFO - Loading data for Subject 1 (all sessions)
2025-08-02 12:22:21,605 - data_processing.seed_iv_loader - INFO - Loaded Subject 1: 2505 samples, 2 feature types
2025-08-02 12:22:21,607 - data_processing.seed_iv_loader - INFO - Subject 1: 2505 samples (natural, no truncation)
2025-08-02 12:22:21,607 - data_processing.seed_iv_loader - INFO -   Emotion distribution: Neutral=628, Sad=628, Fear=627, Happy=622
2025-08-02 12:22:21,607 - data_processing.seed_iv_loader - INFO -   Cumulative samples: 2505
2025-08-02 12:22:21,608 - data_processing.seed_iv_loader - INFO - Loading Subject 2...
2025-08-02 12:22:21,608 - data_processing.seed_iv_loader - INFO - Loading data for Subject 2 (all sessions)
2025-08-02 12:22:21,767 - data_processing.seed_iv_loader - INFO - Loaded Subject 2: 2505 samples, 2 feature types
2025-08-02 12:22:21,768 - data_processing.seed_iv_loader - INFO - Subject 2: 2505 samples (natural, no truncation)
2025-08-02 12:22:21,768 - data_processing.seed_iv_loader - INFO -   Emotion distribution: Neutral=628, Sad=628, Fear=627, Happy=622
2025-08-02 12:22:21,768 - data_processing.seed_iv_loader - INFO -   Cumulative samples: 5010
2025-08-02 12:22:21,769 - data_processing.seed_iv_loader - INFO - Loading Subject 3...
2025-08-02 12:22:21,769 - data_processing.seed_iv_loader - INFO - Loading data for Subject 3 (all sessions)
2025-08-02 12:22:21,968 - data_processing.seed_iv_loader - INFO - Loaded Subject 3: 2505 samples, 2 feature types
2025-08-02 12:22:21,970 - data_processing.seed_iv_loader - INFO - Subject 3: 2505 samples (natural, no truncation)
2025-08-02 12:22:21,971 - data_processing.seed_iv_loader - INFO -   Emotion distribution: Neutral=628, Sad=628, Fear=627, Happy=622
2025-08-02 12:22:21,971 - data_processing.seed_iv_loader - INFO -   Cumulative samples: 7515
2025-08-02 12:22:21,971 - data_processing.seed_iv_loader - INFO - Loading Subject 4...
2025-08-02 12:22:21,971 - data_processing.seed_iv_loader - INFO - Loading data for Subject 4 (all sessions)
2025-08-02 12:22:22,126 - data_processing.seed_iv_loader - INFO - Loaded Subject 4: 2505 samples, 2 feature types
2025-08-02 12:22:22,127 - data_processing.seed_iv_loader - INFO - Subject 4: 2505 samples (natural, no truncation)
2025-08-02 12:22:22,128 - data_processing.seed_iv_loader - INFO -   Emotion distribution: Neutral=628, Sad=628, Fear=627, Happy=622
2025-08-02 12:22:22,128 - data_processing.seed_iv_loader - INFO -   Cumulative samples: 10020
2025-08-02 12:22:22,128 - data_processing.seed_iv_loader - INFO - Reached target samples (10000), stopping at Subject 4
2025-08-02 12:22:22,137 - data_processing.seed_iv_loader - INFO - 
=== FINAL DATASET SUMMARY ===
2025-08-02 12:22:22,137 - data_processing.seed_iv_loader - INFO - Total samples: 10020
2025-08-02 12:22:22,137 - data_processing.seed_iv_loader - INFO - Feature dimensions: (10020, 310)
2025-08-02 12:22:22,137 - data_processing.seed_iv_loader - INFO - Subjects loaded: [1, 2, 3, 4]
2025-08-02 12:22:22,137 - data_processing.seed_iv_loader - INFO - Gender balance: 4 males + 6 females
2025-08-02 12:22:22,138 - data_processing.seed_iv_loader - INFO - 
Emotion Distribution:
2025-08-02 12:22:22,138 - data_processing.seed_iv_loader - INFO -   Neutral (0): 2512 (25.1%)
2025-08-02 12:22:22,138 - data_processing.seed_iv_loader - INFO -   Sad (1):     2512 (25.1%)
2025-08-02 12:22:22,138 - data_processing.seed_iv_loader - INFO -   Fear (2):    2508 (25.0%)
2025-08-02 12:22:22,138 - data_processing.seed_iv_loader - INFO -   Happy (3):   2488 (24.8%)
2025-08-02 12:22:22,138 - data_processing.seed_iv_loader - INFO - Emotion balance score: 0.998 (1.0 = perfect balance)
2025-08-02 12:22:22,138 - data_processing.seed_iv_loader - INFO - EXCELLENT emotion balance achieved!
2025-08-02 12:22:22,138 - data_processing.seed_iv_loader - INFO - Data source: Natural .mat files (no artificial truncation)
2025-08-02 12:22:22,139 - data_processing.seed_iv_loader - INFO - ===============================

2025-08-02 12:22:22,141 - models.stage3_advanced - INFO - Loaded data: 10020 samples, 310 features
2025-08-02 12:22:22,142 - models.stage3_advanced - INFO - Class distribution: {0: 2512, 1: 2512, 2: 2508, 3: 2488}
2025-08-02 12:22:22,152 - models.stage3_advanced - INFO - Training set: 5010 samples from subjects [1 2]
2025-08-02 12:22:22,152 - models.stage3_advanced - INFO - Test set: 5010 samples from subjects [3 4]
2025-08-02 12:22:22,155 - models.stage3_advanced - INFO - Training Stage 3: Advanced ML Models
2025-08-02 12:22:22,216 - models.stage3_advanced - INFO - Performing advanced feature selection: 310 -> 100
2025-08-02 12:23:50,427 - models.stage3_advanced - INFO - Feature selection completed: 100 features selected
2025-08-02 12:23:50,438 - models.stage3_advanced - INFO - Final feature dimensions: 100
2025-08-02 12:23:50,439 - models.stage3_advanced - INFO - Created 4 advanced ML models
2025-08-02 12:23:50,439 - models.stage3_advanced - INFO - Training XGBoost...
2025-08-02 12:23:50,439 - models.stage3_advanced - INFO - Hyperopt not available, using GridSearch for XGBoost
2025-08-02 12:23:50,439 - models.stage3_advanced - INFO - Using GridSearch for XGBoost
2025-08-02 12:23:52,565 - models.stage3_advanced - ERROR - Failed to train XGBoost: 
All the 5 fits failed.
It is very likely that your model is misconfigured.
You can try to debug the error by setting error_score='raise'.

Below are more details about the failures:
--------------------------------------------------------------------------------
5 fits failed with the following error:
Traceback (most recent call last):
  File "D:\eeg-python-code\eeg-seed-IV\.venv\Lib\site-packages\sklearn\model_selection\_validation.py", line 866, in _fit_and_score
    estimator.fit(X_train, y_train, **fit_params)
  File "D:\eeg-python-code\eeg-seed-IV\.venv\Lib\site-packages\xgboost\core.py", line 729, in inner_f
    return func(**kwargs)
           ^^^^^^^^^^^^^^
  File "D:\eeg-python-code\eeg-seed-IV\.venv\Lib\site-packages\xgboost\sklearn.py", line 1682, in fit
    self._Booster = train(
                    ^^^^^^
  File "D:\eeg-python-code\eeg-seed-IV\.venv\Lib\site-packages\xgboost\core.py", line 729, in inner_f
    return func(**kwargs)
           ^^^^^^^^^^^^^^
  File "D:\eeg-python-code\eeg-seed-IV\.venv\Lib\site-packages\xgboost\training.py", line 184, in train
    if cb_container.after_iteration(bst, i, dtrain, evals):
       ^^^^^^^^^^^^^^^^^^^^^^^^^^^^^^^^^^^^^^^^^^^^^^^^^^^
  File "D:\eeg-python-code\eeg-seed-IV\.venv\Lib\site-packages\xgboost\callback.py", line 267, in after_iteration
    ret = any(c.after_iteration(model, epoch, self.history) for c in self.callbacks)
          ^^^^^^^^^^^^^^^^^^^^^^^^^^^^^^^^^^^^^^^^^^^^^^^^^^^^^^^^^^^^^^^^^^^^^^^^^^
  File "D:\eeg-python-code\eeg-seed-IV\.venv\Lib\site-packages\xgboost\callback.py", line 267, in <genexpr>
    ret = any(c.after_iteration(model, epoch, self.history) for c in self.callbacks)
              ^^^^^^^^^^^^^^^^^^^^^^^^^^^^^^^^^^^^^^^^^^^^^
  File "D:\eeg-python-code\eeg-seed-IV\.venv\Lib\site-packages\xgboost\callback.py", line 463, in after_iteration
    raise ValueError(msg)
ValueError: Must have at least 1 validation dataset for early stopping.

2025-08-02 12:23:52,568 - models.stage3_advanced - INFO - Training LightGBM...
2025-08-02 12:23:52,569 - models.stage3_advanced - INFO - Hyperopt not available, using GridSearch for LightGBM
2025-08-02 12:23:52,570 - models.stage3_advanced - INFO - Using GridSearch for LightGBM
2025-08-02 12:24:03,029 - models.stage3_advanced - INFO - LightGBM - CV: 0.9770±0.0037, Test: 0.2471
2025-08-02 12:24:03,029 - models.stage3_advanced - INFO - Training RandomForest_Optimized...
2025-08-02 12:24:03,030 - models.stage3_advanced - INFO - Hyperopt not available, using GridSearch for RandomForest_Optimized
2025-08-02 12:24:03,030 - models.stage3_advanced - INFO - Using GridSearch for RandomForest_Optimized
2025-08-02 12:24:21,646 - models.stage3_advanced - INFO - RandomForest_Optimized - CV: 0.9599±0.0043, Test: 0.2693
2025-08-02 12:24:21,647 - models.stage3_advanced - INFO - Training ExtraTrees...
2025-08-02 12:24:21,647 - models.stage3_advanced - INFO - Hyperopt not available, using GridSearch for ExtraTrees
2025-08-02 12:24:21,647 - models.stage3_advanced - INFO - Using GridSearch for ExtraTrees
2025-08-02 12:24:22,829 - models.stage3_advanced - INFO - ExtraTrees - CV: 0.9134±0.0039, Test: 0.2357
2025-08-02 12:24:22,829 - models.stage3_advanced - INFO - Creating ensemble model...
2025-08-02 12:24:25,262 - models.stage3_advanced - INFO - Ensemble - Test Accuracy: 0.2263
2025-08-02 12:24:25,262 - models.stage3_advanced - INFO - Stage 3 best model: RandomForest_Optimized (Accuracy: 0.2693)
2025-08-02 12:24:25,265 - models.stage3_advanced - INFO - Stage 3 Target NOT ACHIEVED: 26.9% vs 85.0%
2025-08-02 12:24:25,288 - models.stage3_advanced - INFO - Stage 3 results saved to: csv_data\stage3_advanced_ml_results.json
2025-08-02 12:24:25,288 - models.stage3_advanced - INFO - Stage 3 completed successfully in 123.8 seconds
2025-08-02 12:24:25,292 - __main__ - INFO - Target accuracy NOT ACHIEVED: 26.9% vs 85.0%
2025-08-02 12:24:25,600 - __main__ - WARNING - Failed to save checkpoint for stage 3: Can't pickle <function AdvancedMLModel.advanced_feature_selection.<locals>.<lambda> at 0x000001EB96845D00>: it's not found as models.stage3_advanced.AdvancedMLModel.advanced_feature_selection.<locals>.<lambda>
2025-08-02 12:24:25,601 - __main__ - INFO - Stage 3 completed in 123.9 seconds
2025-08-02 12:24:25,607 - __main__ - INFO - Stage 3 result saved to: csv_data\stage_3_result.json
2025-08-02 12:24:25,607 - __main__ - INFO - 
============================================================
2025-08-02 12:24:25,607 - __main__ - INFO - Running Stage 4: Deep Learning Foundation
2025-08-02 12:24:25,607 - __main__ - INFO - Target Accuracy: 88.0%
2025-08-02 12:24:25,608 - models.stage4_deeplearning - INFO - Using device: cpu
2025-08-02 12:24:25,608 - models.stage4_deeplearning - INFO - Starting Stage 4: Deep Learning Pipeline
2025-08-02 12:24:25,608 - models.stage4_deeplearning - INFO - Loading SEED-IV data for Stage 4...
2025-08-02 12:24:25,608 - data_processing.seed_iv_loader - INFO - SeedIVLoader initialized with base path: C:\Users\piyus\Downloads\SEED_IV\SEED_IV\eeg_feature_smooth
2025-08-02 12:24:25,608 - data_processing.seed_iv_loader - INFO - Loading subjects with balanced sampling from .mat files
2025-08-02 12:24:25,608 - data_processing.seed_iv_loader - INFO - Feature type: de_LDS
2025-08-02 12:24:25,608 - data_processing.seed_iv_loader - INFO - BALANCED SAMPLING MODE:
2025-08-02 12:24:25,609 - data_processing.seed_iv_loader - INFO -   Selected males: [1, 2, 6, 7] (4 subjects)
2025-08-02 12:24:25,609 - data_processing.seed_iv_loader - INFO -   Selected females: [3, 4, 5, 8, 9, 10] (6 subjects)
2025-08-02 12:24:25,609 - data_processing.seed_iv_loader - INFO -   Total subjects: [1, 2, 3, 4, 5, 6, 7, 8, 9, 10] (10 subjects)
2025-08-02 12:24:25,609 - data_processing.seed_iv_loader - INFO -   Gender ratio: 4/6 = 0.67
2025-08-02 12:24:25,609 - data_processing.seed_iv_loader - INFO - Loading Subject 1...
2025-08-02 12:24:25,609 - data_processing.seed_iv_loader - INFO - Loading data for Subject 1 (all sessions)
2025-08-02 12:24:25,764 - data_processing.seed_iv_loader - INFO - Loaded Subject 1: 2505 samples, 2 feature types
2025-08-02 12:24:25,764 - data_processing.seed_iv_loader - INFO - Subject 1: 2505 samples (natural, no truncation)
2025-08-02 12:24:25,765 - data_processing.seed_iv_loader - INFO -   Emotion distribution: Neutral=628, Sad=628, Fear=627, Happy=622
2025-08-02 12:24:25,765 - data_processing.seed_iv_loader - INFO -   Cumulative samples: 2505
2025-08-02 12:24:25,765 - data_processing.seed_iv_loader - INFO - Loading Subject 2...
2025-08-02 12:24:25,765 - data_processing.seed_iv_loader - INFO - Loading data for Subject 2 (all sessions)
2025-08-02 12:24:25,928 - data_processing.seed_iv_loader - INFO - Loaded Subject 2: 2505 samples, 2 feature types
2025-08-02 12:24:25,928 - data_processing.seed_iv_loader - INFO - Subject 2: 2505 samples (natural, no truncation)
2025-08-02 12:24:25,929 - data_processing.seed_iv_loader - INFO -   Emotion distribution: Neutral=628, Sad=628, Fear=627, Happy=622
2025-08-02 12:24:25,929 - data_processing.seed_iv_loader - INFO -   Cumulative samples: 5010
2025-08-02 12:24:25,929 - data_processing.seed_iv_loader - INFO - Loading Subject 3...
2025-08-02 12:24:25,929 - data_processing.seed_iv_loader - INFO - Loading data for Subject 3 (all sessions)
2025-08-02 12:24:26,073 - data_processing.seed_iv_loader - INFO - Loaded Subject 3: 2505 samples, 2 feature types
2025-08-02 12:24:26,074 - data_processing.seed_iv_loader - INFO - Subject 3: 2505 samples (natural, no truncation)
2025-08-02 12:24:26,075 - data_processing.seed_iv_loader - INFO -   Emotion distribution: Neutral=628, Sad=628, Fear=627, Happy=622
2025-08-02 12:24:26,075 - data_processing.seed_iv_loader - INFO -   Cumulative samples: 7515
2025-08-02 12:24:26,075 - data_processing.seed_iv_loader - INFO - Loading Subject 4...
2025-08-02 12:24:26,075 - data_processing.seed_iv_loader - INFO - Loading data for Subject 4 (all sessions)
2025-08-02 12:24:26,234 - data_processing.seed_iv_loader - INFO - Loaded Subject 4: 2505 samples, 2 feature types
2025-08-02 12:24:26,235 - data_processing.seed_iv_loader - INFO - Subject 4: 2505 samples (natural, no truncation)
2025-08-02 12:24:26,236 - data_processing.seed_iv_loader - INFO -   Emotion distribution: Neutral=628, Sad=628, Fear=627, Happy=622
2025-08-02 12:24:26,236 - data_processing.seed_iv_loader - INFO -   Cumulative samples: 10020
2025-08-02 12:24:26,236 - data_processing.seed_iv_loader - INFO - Reached target samples (10000), stopping at Subject 4
2025-08-02 12:24:26,243 - data_processing.seed_iv_loader - INFO - 
=== FINAL DATASET SUMMARY ===
2025-08-02 12:24:26,243 - data_processing.seed_iv_loader - INFO - Total samples: 10020
2025-08-02 12:24:26,244 - data_processing.seed_iv_loader - INFO - Feature dimensions: (10020, 310)
2025-08-02 12:24:26,244 - data_processing.seed_iv_loader - INFO - Subjects loaded: [1, 2, 3, 4]
2025-08-02 12:24:26,245 - data_processing.seed_iv_loader - INFO - Gender balance: 4 males + 6 females
2025-08-02 12:24:26,245 - data_processing.seed_iv_loader - INFO - 
Emotion Distribution:
2025-08-02 12:24:26,246 - data_processing.seed_iv_loader - INFO -   Neutral (0): 2512 (25.1%)
2025-08-02 12:24:26,246 - data_processing.seed_iv_loader - INFO -   Sad (1):     2512 (25.1%)
2025-08-02 12:24:26,246 - data_processing.seed_iv_loader - INFO -   Fear (2):    2508 (25.0%)
2025-08-02 12:24:26,246 - data_processing.seed_iv_loader - INFO -   Happy (3):   2488 (24.8%)
2025-08-02 12:24:26,247 - data_processing.seed_iv_loader - INFO - Emotion balance score: 0.998 (1.0 = perfect balance)
2025-08-02 12:24:26,247 - data_processing.seed_iv_loader - INFO - EXCELLENT emotion balance achieved!
2025-08-02 12:24:26,247 - data_processing.seed_iv_loader - INFO - Data source: Natural .mat files (no artificial truncation)
2025-08-02 12:24:26,248 - data_processing.seed_iv_loader - INFO - ===============================

2025-08-02 12:24:26,249 - models.stage4_deeplearning - INFO - Loaded data: 10020 samples, 310 features
2025-08-02 12:24:26,262 - models.stage4_deeplearning - INFO - Training: 5010 samples, Testing: 5010 samples
2025-08-02 12:24:26,266 - models.stage4_deeplearning - INFO - Training Stage 4: Deep Learning Models
2025-08-02 12:24:26,335 - models.stage4_deeplearning - INFO - Created 3 deep learning models
2025-08-02 12:24:26,335 - models.stage4_deeplearning - INFO - Training CNN_2D...
2025-08-02 12:24:38,024 - models.stage4_deeplearning - ERROR - Failed to train CNN_2D: ReduceLROnPlateau.__init__() got an unexpected keyword argument 'verbose'
2025-08-02 12:24:38,025 - models.stage4_deeplearning - INFO - Training LSTM_Attention...
2025-08-02 12:24:38,027 - models.stage4_deeplearning - ERROR - Failed to train LSTM_Attention: ReduceLROnPlateau.__init__() got an unexpected keyword argument 'verbose'
2025-08-02 12:24:38,027 - models.stage4_deeplearning - INFO - Training CNN_LSTM_Hybrid...
2025-08-02 12:24:38,030 - models.stage4_deeplearning - ERROR - Failed to train CNN_LSTM_Hybrid: ReduceLROnPlateau.__init__() got an unexpected keyword argument 'verbose'
2025-08-02 12:24:38,037 - models.stage4_deeplearning - ERROR - Stage 4 pipeline failed: No models trained successfully
2025-08-02 12:24:38,041 - __main__ - INFO - Stage 4 completed in 12.4 seconds
2025-08-02 12:24:38,041 - __main__ - INFO - Stage 4 result saved to: csv_data\stage_4_result.json
2025-08-02 12:24:38,041 - __main__ - INFO - 
============================================================
2025-08-02 12:24:38,042 - __main__ - INFO - Running Stage 5: Advanced Deep Learning
2025-08-02 12:24:38,042 - __main__ - INFO - Target Accuracy: 92.0%
2025-08-02 12:24:38,042 - models.stage5_attention - INFO - Using device: cpu
2025-08-02 12:24:38,043 - models.stage5_attention - INFO - Starting Stage 5: Advanced Deep Learning Pipeline
2025-08-02 12:24:38,043 - models.stage5_attention - INFO - Loading SEED-IV data for Stage 5...
2025-08-02 12:24:38,043 - data_processing.seed_iv_loader - INFO - SeedIVLoader initialized with base path: C:\Users\piyus\Downloads\SEED_IV\SEED_IV\eeg_feature_smooth
2025-08-02 12:24:38,044 - data_processing.seed_iv_loader - INFO - Loading subjects with balanced sampling from .mat files
2025-08-02 12:24:38,044 - data_processing.seed_iv_loader - INFO - Feature type: de_LDS
2025-08-02 12:24:38,044 - data_processing.seed_iv_loader - INFO - BALANCED SAMPLING MODE:
2025-08-02 12:24:38,045 - data_processing.seed_iv_loader - INFO -   Selected males: [1, 2, 6, 7] (4 subjects)
2025-08-02 12:24:38,045 - data_processing.seed_iv_loader - INFO -   Selected females: [3, 4, 5, 8, 9, 10] (6 subjects)
2025-08-02 12:24:38,046 - data_processing.seed_iv_loader - INFO -   Total subjects: [1, 2, 3, 4, 5, 6, 7, 8, 9, 10] (10 subjects)
2025-08-02 12:24:38,046 - data_processing.seed_iv_loader - INFO -   Gender ratio: 4/6 = 0.67
2025-08-02 12:24:38,046 - data_processing.seed_iv_loader - INFO - Loading Subject 1...
2025-08-02 12:24:38,047 - data_processing.seed_iv_loader - INFO - Loading data for Subject 1 (all sessions)
2025-08-02 12:24:38,215 - data_processing.seed_iv_loader - INFO - Loaded Subject 1: 2505 samples, 2 feature types
2025-08-02 12:24:38,215 - data_processing.seed_iv_loader - INFO - Subject 1: 2505 samples (natural, no truncation)
2025-08-02 12:24:38,215 - data_processing.seed_iv_loader - INFO -   Emotion distribution: Neutral=628, Sad=628, Fear=627, Happy=622
2025-08-02 12:24:38,215 - data_processing.seed_iv_loader - INFO -   Cumulative samples: 2505
2025-08-02 12:24:38,216 - data_processing.seed_iv_loader - INFO - Loading Subject 2...
2025-08-02 12:24:38,216 - data_processing.seed_iv_loader - INFO - Loading data for Subject 2 (all sessions)
2025-08-02 12:24:38,367 - data_processing.seed_iv_loader - INFO - Loaded Subject 2: 2505 samples, 2 feature types
2025-08-02 12:24:38,368 - data_processing.seed_iv_loader - INFO - Subject 2: 2505 samples (natural, no truncation)
2025-08-02 12:24:38,368 - data_processing.seed_iv_loader - INFO -   Emotion distribution: Neutral=628, Sad=628, Fear=627, Happy=622
2025-08-02 12:24:38,368 - data_processing.seed_iv_loader - INFO -   Cumulative samples: 5010
2025-08-02 12:24:38,369 - data_processing.seed_iv_loader - INFO - Loading Subject 3...
2025-08-02 12:24:38,369 - data_processing.seed_iv_loader - INFO - Loading data for Subject 3 (all sessions)
2025-08-02 12:24:38,520 - data_processing.seed_iv_loader - INFO - Loaded Subject 3: 2505 samples, 2 feature types
2025-08-02 12:24:38,522 - data_processing.seed_iv_loader - INFO - Subject 3: 2505 samples (natural, no truncation)
2025-08-02 12:24:38,523 - data_processing.seed_iv_loader - INFO -   Emotion distribution: Neutral=628, Sad=628, Fear=627, Happy=622
2025-08-02 12:24:38,523 - data_processing.seed_iv_loader - INFO -   Cumulative samples: 7515
2025-08-02 12:24:38,524 - data_processing.seed_iv_loader - INFO - Loading Subject 4...
2025-08-02 12:24:38,524 - data_processing.seed_iv_loader - INFO - Loading data for Subject 4 (all sessions)
2025-08-02 12:24:38,678 - data_processing.seed_iv_loader - INFO - Loaded Subject 4: 2505 samples, 2 feature types
2025-08-02 12:24:38,680 - data_processing.seed_iv_loader - INFO - Subject 4: 2505 samples (natural, no truncation)
2025-08-02 12:24:38,680 - data_processing.seed_iv_loader - INFO -   Emotion distribution: Neutral=628, Sad=628, Fear=627, Happy=622
2025-08-02 12:24:38,680 - data_processing.seed_iv_loader - INFO -   Cumulative samples: 10020
2025-08-02 12:24:38,681 - data_processing.seed_iv_loader - INFO - Reached target samples (10000), stopping at Subject 4
2025-08-02 12:24:38,686 - data_processing.seed_iv_loader - INFO - 
=== FINAL DATASET SUMMARY ===
2025-08-02 12:24:38,686 - data_processing.seed_iv_loader - INFO - Total samples: 10020
2025-08-02 12:24:38,686 - data_processing.seed_iv_loader - INFO - Feature dimensions: (10020, 310)
2025-08-02 12:24:38,686 - data_processing.seed_iv_loader - INFO - Subjects loaded: [1, 2, 3, 4]
2025-08-02 12:24:38,687 - data_processing.seed_iv_loader - INFO - Gender balance: 4 males + 6 females
2025-08-02 12:24:38,687 - data_processing.seed_iv_loader - INFO - 
Emotion Distribution:
2025-08-02 12:24:38,687 - data_processing.seed_iv_loader - INFO -   Neutral (0): 2512 (25.1%)
2025-08-02 12:24:38,687 - data_processing.seed_iv_loader - INFO -   Sad (1):     2512 (25.1%)
2025-08-02 12:24:38,687 - data_processing.seed_iv_loader - INFO -   Fear (2):    2508 (25.0%)
2025-08-02 12:24:38,687 - data_processing.seed_iv_loader - INFO -   Happy (3):   2488 (24.8%)
2025-08-02 12:24:38,688 - data_processing.seed_iv_loader - INFO - Emotion balance score: 0.998 (1.0 = perfect balance)
2025-08-02 12:24:38,688 - data_processing.seed_iv_loader - INFO - EXCELLENT emotion balance achieved!
2025-08-02 12:24:38,688 - data_processing.seed_iv_loader - INFO - Data source: Natural .mat files (no artificial truncation)
2025-08-02 12:24:38,688 - data_processing.seed_iv_loader - INFO - ===============================

2025-08-02 12:24:38,690 - models.stage5_attention - INFO - Loaded data: 10020 samples, 310 features
2025-08-02 12:24:38,697 - models.stage5_attention - INFO - Training: 5010 samples, Testing: 5010 samples
2025-08-02 12:24:38,773 - models.stage5_attention - INFO - Created 3 advanced deep learning models
2025-08-02 12:24:38,773 - models.stage5_attention - INFO - Training EEG_Transformer...
2025-08-02 12:24:38,803 - models.stage5_attention - ERROR - Failed to train EEG_Transformer: mat1 and mat2 shapes cannot be multiplied (1984x5 and 310x256)
2025-08-02 12:24:38,803 - models.stage5_attention - INFO - Training Dual_Branch_Attention...
2025-08-02 12:38:49,208 - __main__ - INFO - Comprehensive Emotion Recognition System Initialized
2025-08-02 12:38:49,208 - __main__ - INFO - Output directory: csv_data
2025-08-02 12:38:49,208 - __main__ - INFO - Checkpoint directory: csv_data\checkpoints
2025-08-02 12:38:49,208 - __main__ - INFO - Checkpoint Status:
2025-08-02 12:38:49,208 - __main__ - INFO -   Stage 1: [Available]
2025-08-02 12:38:49,208 - __main__ - INFO -   Stage 2: [Available]
2025-08-02 12:38:49,209 - __main__ - INFO -   Stage 3: [Not found]
2025-08-02 12:38:49,209 - __main__ - INFO -   Stage 4: [Not found]
2025-08-02 12:38:49,209 - __main__ - INFO -   Stage 5: [Not found]
2025-08-02 12:38:49,209 - __main__ - INFO -   Stage 6: [Not found]
2025-08-02 12:38:51,807 - __main__ - INFO - Starting comprehensive pipeline for stages: [3, 4, 5, 6]
2025-08-02 12:38:51,807 - __main__ - INFO - Validating data access...
2025-08-02 12:38:51,808 - data_processing.seed_iv_loader - INFO - SeedIVLoader initialized with base path: C:\Users\piyus\Downloads\SEED_IV\SEED_IV\eeg_feature_smooth
2025-08-02 12:38:51,808 - data_processing.seed_iv_loader - INFO - Scanning SEED-IV dataset...
2025-08-02 12:38:51,809 - data_processing.seed_iv_loader - INFO - Session 1: Found 15 .mat files
2025-08-02 12:38:51,810 - data_processing.seed_iv_loader - INFO - Session 2: Found 15 .mat files
2025-08-02 12:38:51,810 - data_processing.seed_iv_loader - INFO - Session 3: Found 15 .mat files
2025-08-02 12:38:51,810 - data_processing.seed_iv_loader - INFO - Total files found: 45
2025-08-02 12:38:51,810 - __main__ - INFO - Data validation successful. Found 3 subjects
2025-08-02 12:38:51,810 - __main__ - INFO - 
============================================================
2025-08-02 12:38:51,811 - __main__ - INFO - Running Stage 3: Advanced ML
2025-08-02 12:38:51,811 - __main__ - INFO - Target Accuracy: 85.0%
2025-08-02 12:38:51,811 - models.stage3_advanced - INFO - Starting Stage 3: Advanced ML Pipeline
2025-08-02 12:38:51,811 - models.stage3_advanced - INFO - Loading SEED-IV data for Stage 3...
2025-08-02 12:38:51,813 - data_processing.seed_iv_loader - INFO - SeedIVLoader initialized with base path: C:\Users\piyus\Downloads\SEED_IV\SEED_IV\eeg_feature_smooth
2025-08-02 12:38:51,813 - data_processing.seed_iv_loader - INFO - Loading subjects with balanced sampling from .mat files
2025-08-02 12:38:51,813 - data_processing.seed_iv_loader - INFO - Feature type: de_LDS
2025-08-02 12:38:51,814 - data_processing.seed_iv_loader - INFO - BALANCED SAMPLING MODE:
2025-08-02 12:38:51,814 - data_processing.seed_iv_loader - INFO -   Selected males: [1, 2, 6, 7] (4 subjects)
2025-08-02 12:38:51,814 - data_processing.seed_iv_loader - INFO -   Selected females: [3, 4, 5, 8, 9, 10] (6 subjects)
2025-08-02 12:38:51,814 - data_processing.seed_iv_loader - INFO -   Total subjects: [1, 2, 3, 4, 5, 6, 7, 8, 9, 10] (10 subjects)
2025-08-02 12:38:51,814 - data_processing.seed_iv_loader - INFO -   Gender ratio: 4/6 = 0.67
2025-08-02 12:38:51,814 - data_processing.seed_iv_loader - INFO - Loading Subject 1...
2025-08-02 12:38:51,814 - data_processing.seed_iv_loader - INFO - Loading data for Subject 1 (all sessions)
2025-08-02 12:38:51,974 - data_processing.seed_iv_loader - INFO - Loaded Subject 1: 2505 samples, 2 feature types
2025-08-02 12:38:51,977 - data_processing.seed_iv_loader - INFO - Subject 1: 2505 samples (natural, no truncation)
2025-08-02 12:38:51,977 - data_processing.seed_iv_loader - INFO -   Emotion distribution: Neutral=628, Sad=628, Fear=627, Happy=622
2025-08-02 12:38:51,977 - data_processing.seed_iv_loader - INFO -   Cumulative samples: 2505
2025-08-02 12:38:51,978 - data_processing.seed_iv_loader - INFO - Loading Subject 2...
2025-08-02 12:38:51,978 - data_processing.seed_iv_loader - INFO - Loading data for Subject 2 (all sessions)
2025-08-02 12:38:52,134 - data_processing.seed_iv_loader - INFO - Loaded Subject 2: 2505 samples, 2 feature types
2025-08-02 12:38:52,136 - data_processing.seed_iv_loader - INFO - Subject 2: 2505 samples (natural, no truncation)
2025-08-02 12:38:52,137 - data_processing.seed_iv_loader - INFO -   Emotion distribution: Neutral=628, Sad=628, Fear=627, Happy=622
2025-08-02 12:38:52,137 - data_processing.seed_iv_loader - INFO -   Cumulative samples: 5010
2025-08-02 12:38:52,137 - data_processing.seed_iv_loader - INFO - Loading Subject 3...
2025-08-02 12:38:52,137 - data_processing.seed_iv_loader - INFO - Loading data for Subject 3 (all sessions)
2025-08-02 12:38:52,293 - data_processing.seed_iv_loader - INFO - Loaded Subject 3: 2505 samples, 2 feature types
2025-08-02 12:38:52,295 - data_processing.seed_iv_loader - INFO - Subject 3: 2505 samples (natural, no truncation)
2025-08-02 12:38:52,295 - data_processing.seed_iv_loader - INFO -   Emotion distribution: Neutral=628, Sad=628, Fear=627, Happy=622
2025-08-02 12:38:52,296 - data_processing.seed_iv_loader - INFO -   Cumulative samples: 7515
2025-08-02 12:38:52,296 - data_processing.seed_iv_loader - INFO - Loading Subject 4...
2025-08-02 12:38:52,296 - data_processing.seed_iv_loader - INFO - Loading data for Subject 4 (all sessions)
2025-08-02 12:38:52,456 - data_processing.seed_iv_loader - INFO - Loaded Subject 4: 2505 samples, 2 feature types
2025-08-02 12:38:52,457 - data_processing.seed_iv_loader - INFO - Subject 4: 2505 samples (natural, no truncation)
2025-08-02 12:38:52,458 - data_processing.seed_iv_loader - INFO -   Emotion distribution: Neutral=628, Sad=628, Fear=627, Happy=622
2025-08-02 12:38:52,458 - data_processing.seed_iv_loader - INFO -   Cumulative samples: 10020
2025-08-02 12:38:52,458 - data_processing.seed_iv_loader - INFO - Reached target samples (10000), stopping at Subject 4
2025-08-02 12:38:52,466 - data_processing.seed_iv_loader - INFO - 
=== FINAL DATASET SUMMARY ===
2025-08-02 12:38:52,466 - data_processing.seed_iv_loader - INFO - Total samples: 10020
2025-08-02 12:38:52,466 - data_processing.seed_iv_loader - INFO - Feature dimensions: (10020, 310)
2025-08-02 12:38:52,466 - data_processing.seed_iv_loader - INFO - Subjects loaded: [1, 2, 3, 4]
2025-08-02 12:38:52,467 - data_processing.seed_iv_loader - INFO - Gender balance: 4 males + 6 females
2025-08-02 12:38:52,467 - data_processing.seed_iv_loader - INFO - 
Emotion Distribution:
2025-08-02 12:38:52,467 - data_processing.seed_iv_loader - INFO -   Neutral (0): 2512 (25.1%)
2025-08-02 12:38:52,467 - data_processing.seed_iv_loader - INFO -   Sad (1):     2512 (25.1%)
2025-08-02 12:38:52,467 - data_processing.seed_iv_loader - INFO -   Fear (2):    2508 (25.0%)
2025-08-02 12:38:52,468 - data_processing.seed_iv_loader - INFO -   Happy (3):   2488 (24.8%)
2025-08-02 12:38:52,468 - data_processing.seed_iv_loader - INFO - Emotion balance score: 0.998 (1.0 = perfect balance)
2025-08-02 12:38:52,468 - data_processing.seed_iv_loader - INFO - EXCELLENT emotion balance achieved!
2025-08-02 12:38:52,468 - data_processing.seed_iv_loader - INFO - Data source: Natural .mat files (no artificial truncation)
2025-08-02 12:38:52,468 - data_processing.seed_iv_loader - INFO - ===============================

2025-08-02 12:38:52,470 - models.stage3_advanced - INFO - Loaded data: 10020 samples, 310 features
2025-08-02 12:38:52,471 - models.stage3_advanced - INFO - Class distribution: {0: 2512, 1: 2512, 2: 2508, 3: 2488}
2025-08-02 12:38:52,481 - models.stage3_advanced - INFO - Training set: 5010 samples from subjects [1 2]
2025-08-02 12:38:52,482 - models.stage3_advanced - INFO - Test set: 5010 samples from subjects [3 4]
2025-08-02 12:38:52,483 - models.stage3_advanced - INFO - Training Stage 3: Advanced ML Models
2025-08-02 12:38:52,554 - models.stage3_advanced - INFO - Performing advanced feature selection: 310 -> 50
2025-08-02 12:40:39,934 - models.stage3_advanced - INFO - Feature selection completed: 50 features selected
2025-08-02 12:40:39,939 - models.stage3_advanced - INFO - Final feature dimensions: 50
2025-08-02 12:40:39,940 - models.stage3_advanced - INFO - Created 4 advanced ML models
2025-08-02 12:40:39,940 - models.stage3_advanced - INFO - Training XGBoost...
2025-08-02 12:40:39,940 - models.stage3_advanced - INFO - Using simplified GridSearch for XGBoost
2025-08-02 12:40:42,616 - models.stage3_advanced - INFO - XGBoost - CV: 0.9158±0.0086, Test: 0.2729
2025-08-02 12:40:42,616 - models.stage3_advanced - INFO - Training LightGBM...
2025-08-02 12:40:42,616 - models.stage3_advanced - INFO - Using simplified GridSearch for LightGBM
2025-08-02 12:40:44,506 - models.stage3_advanced - INFO - LightGBM - CV: 0.9255±0.0046, Test: 0.2641
2025-08-02 12:40:44,506 - models.stage3_advanced - INFO - Training RandomForest_Optimized...
2025-08-02 12:40:44,507 - models.stage3_advanced - INFO - Using simplified GridSearch for RandomForest_Optimized
2025-08-02 12:40:46,162 - models.stage3_advanced - INFO - RandomForest_Optimized - CV: 0.7992±0.0159, Test: 0.2481
2025-08-02 12:40:46,162 - models.stage3_advanced - INFO - Training ExtraTrees...
2025-08-02 12:40:46,162 - models.stage3_advanced - INFO - Using simplified GridSearch for ExtraTrees
2025-08-02 12:40:46,732 - models.stage3_advanced - INFO - ExtraTrees - CV: 0.7271±0.0084, Test: 0.2557
2025-08-02 12:40:46,732 - models.stage3_advanced - INFO - Creating ensemble model...
2025-08-02 12:40:47,252 - models.stage3_advanced - INFO - Ensemble - Test Accuracy: 0.2826
2025-08-02 12:40:47,252 - models.stage3_advanced - INFO - Stage 3 best model: Ensemble (Accuracy: 0.2826)
2025-08-02 12:40:47,254 - models.stage3_advanced - INFO - Stage 3 Target NOT ACHIEVED: 28.3% vs 85.0%
2025-08-02 12:40:47,267 - models.stage3_advanced - INFO - Stage 3 results saved to: csv_data\stage3_advanced_ml_results.json
2025-08-02 12:40:47,267 - models.stage3_advanced - INFO - Stage 3 completed successfully in 115.4 seconds
2025-08-02 12:40:47,268 - __main__ - INFO - Target accuracy NOT ACHIEVED: 28.3% vs 85.0%
2025-08-02 12:40:47,332 - __main__ - WARNING - Failed to save checkpoint for stage 3: Can't pickle <function AdvancedMLModel.advanced_feature_selection.<locals>.<lambda> at 0x00000165679E14E0>: it's not found as models.stage3_advanced.AdvancedMLModel.advanced_feature_selection.<locals>.<lambda>
2025-08-02 12:40:47,333 - __main__ - INFO - Stage 3 completed in 115.5 seconds
2025-08-02 12:40:47,343 - __main__ - INFO - Stage 3 result saved to: csv_data\stage_3_result.json
2025-08-02 12:40:47,343 - __main__ - INFO - 
============================================================
2025-08-02 12:40:47,343 - __main__ - INFO - Running Stage 4: Deep Learning Foundation
2025-08-02 12:40:47,344 - __main__ - INFO - Target Accuracy: 88.0%
2025-08-02 12:40:47,344 - models.stage4_deeplearning - INFO - Using device: cpu
2025-08-02 12:40:47,344 - models.stage4_deeplearning - INFO - Starting Stage 4: Deep Learning Pipeline
2025-08-02 12:40:47,344 - models.stage4_deeplearning - INFO - Loading SEED-IV data for Stage 4...
2025-08-02 12:40:47,344 - data_processing.seed_iv_loader - INFO - SeedIVLoader initialized with base path: C:\Users\piyus\Downloads\SEED_IV\SEED_IV\eeg_feature_smooth
2025-08-02 12:40:47,344 - data_processing.seed_iv_loader - INFO - Loading subjects with balanced sampling from .mat files
2025-08-02 12:40:47,344 - data_processing.seed_iv_loader - INFO - Feature type: de_LDS
2025-08-02 12:40:47,345 - data_processing.seed_iv_loader - INFO - BALANCED SAMPLING MODE:
2025-08-02 12:40:47,345 - data_processing.seed_iv_loader - INFO -   Selected males: [1, 2, 6, 7] (4 subjects)
2025-08-02 12:40:47,345 - data_processing.seed_iv_loader - INFO -   Selected females: [3, 4, 5, 8, 9, 10] (6 subjects)
2025-08-02 12:40:47,345 - data_processing.seed_iv_loader - INFO -   Total subjects: [1, 2, 3, 4, 5, 6, 7, 8, 9, 10] (10 subjects)
2025-08-02 12:40:47,345 - data_processing.seed_iv_loader - INFO -   Gender ratio: 4/6 = 0.67
2025-08-02 12:40:47,345 - data_processing.seed_iv_loader - INFO - Loading Subject 1...
2025-08-02 12:40:47,345 - data_processing.seed_iv_loader - INFO - Loading data for Subject 1 (all sessions)
2025-08-02 12:40:47,493 - data_processing.seed_iv_loader - INFO - Loaded Subject 1: 2505 samples, 2 feature types
2025-08-02 12:40:47,495 - data_processing.seed_iv_loader - INFO - Subject 1: 2505 samples (natural, no truncation)
2025-08-02 12:40:47,496 - data_processing.seed_iv_loader - INFO -   Emotion distribution: Neutral=628, Sad=628, Fear=627, Happy=622
2025-08-02 12:40:47,496 - data_processing.seed_iv_loader - INFO -   Cumulative samples: 2505
2025-08-02 12:40:47,497 - data_processing.seed_iv_loader - INFO - Loading Subject 2...
2025-08-02 12:40:47,497 - data_processing.seed_iv_loader - INFO - Loading data for Subject 2 (all sessions)
2025-08-02 12:40:47,666 - data_processing.seed_iv_loader - INFO - Loaded Subject 2: 2505 samples, 2 feature types
2025-08-02 12:40:47,668 - data_processing.seed_iv_loader - INFO - Subject 2: 2505 samples (natural, no truncation)
2025-08-02 12:40:47,668 - data_processing.seed_iv_loader - INFO -   Emotion distribution: Neutral=628, Sad=628, Fear=627, Happy=622
2025-08-02 12:40:47,669 - data_processing.seed_iv_loader - INFO -   Cumulative samples: 5010
2025-08-02 12:40:47,669 - data_processing.seed_iv_loader - INFO - Loading Subject 3...
2025-08-02 12:40:47,669 - data_processing.seed_iv_loader - INFO - Loading data for Subject 3 (all sessions)
2025-08-02 12:40:47,817 - data_processing.seed_iv_loader - INFO - Loaded Subject 3: 2505 samples, 2 feature types
2025-08-02 12:40:47,821 - data_processing.seed_iv_loader - INFO - Subject 3: 2505 samples (natural, no truncation)
2025-08-02 12:40:47,821 - data_processing.seed_iv_loader - INFO -   Emotion distribution: Neutral=628, Sad=628, Fear=627, Happy=622
2025-08-02 12:40:47,822 - data_processing.seed_iv_loader - INFO -   Cumulative samples: 7515
2025-08-02 12:40:47,822 - data_processing.seed_iv_loader - INFO - Loading Subject 4...
2025-08-02 12:40:47,822 - data_processing.seed_iv_loader - INFO - Loading data for Subject 4 (all sessions)
2025-08-02 12:40:47,980 - data_processing.seed_iv_loader - INFO - Loaded Subject 4: 2505 samples, 2 feature types
2025-08-02 12:40:47,983 - data_processing.seed_iv_loader - INFO - Subject 4: 2505 samples (natural, no truncation)
2025-08-02 12:40:47,983 - data_processing.seed_iv_loader - INFO -   Emotion distribution: Neutral=628, Sad=628, Fear=627, Happy=622
2025-08-02 12:40:47,983 - data_processing.seed_iv_loader - INFO -   Cumulative samples: 10020
2025-08-02 12:40:47,983 - data_processing.seed_iv_loader - INFO - Reached target samples (10000), stopping at Subject 4
2025-08-02 12:40:47,989 - data_processing.seed_iv_loader - INFO - 
=== FINAL DATASET SUMMARY ===
2025-08-02 12:40:47,989 - data_processing.seed_iv_loader - INFO - Total samples: 10020
2025-08-02 12:40:47,990 - data_processing.seed_iv_loader - INFO - Feature dimensions: (10020, 310)
2025-08-02 12:40:47,990 - data_processing.seed_iv_loader - INFO - Subjects loaded: [1, 2, 3, 4]
2025-08-02 12:40:47,990 - data_processing.seed_iv_loader - INFO - Gender balance: 4 males + 6 females
2025-08-02 12:40:47,990 - data_processing.seed_iv_loader - INFO - 
Emotion Distribution:
2025-08-02 12:40:47,991 - data_processing.seed_iv_loader - INFO -   Neutral (0): 2512 (25.1%)
2025-08-02 12:40:47,991 - data_processing.seed_iv_loader - INFO -   Sad (1):     2512 (25.1%)
2025-08-02 12:40:47,991 - data_processing.seed_iv_loader - INFO -   Fear (2):    2508 (25.0%)
2025-08-02 12:40:47,991 - data_processing.seed_iv_loader - INFO -   Happy (3):   2488 (24.8%)
2025-08-02 12:40:47,991 - data_processing.seed_iv_loader - INFO - Emotion balance score: 0.998 (1.0 = perfect balance)
2025-08-02 12:40:47,991 - data_processing.seed_iv_loader - INFO - EXCELLENT emotion balance achieved!
2025-08-02 12:40:47,992 - data_processing.seed_iv_loader - INFO - Data source: Natural .mat files (no artificial truncation)
2025-08-02 12:40:47,992 - data_processing.seed_iv_loader - INFO - ===============================

2025-08-02 12:40:47,994 - models.stage4_deeplearning - INFO - Loaded data: 10020 samples, 310 features
2025-08-02 12:40:48,001 - models.stage4_deeplearning - INFO - Training: 5010 samples, Testing: 5010 samples
2025-08-02 12:40:48,003 - models.stage4_deeplearning - INFO - Training Stage 4: Deep Learning Models
2025-08-02 12:40:48,065 - models.stage4_deeplearning - INFO - Created 3 deep learning models
2025-08-02 12:40:48,066 - models.stage4_deeplearning - INFO - Training CNN_2D...
2025-08-02 12:40:49,376 - models.stage4_deeplearning - ERROR - Failed to train CNN_2D: ReduceLROnPlateau.__init__() got an unexpected keyword argument 'verbose'
2025-08-02 12:40:49,376 - models.stage4_deeplearning - INFO - Training LSTM_Attention...
2025-08-02 12:40:49,378 - models.stage4_deeplearning - ERROR - Failed to train LSTM_Attention: ReduceLROnPlateau.__init__() got an unexpected keyword argument 'verbose'
2025-08-02 12:40:49,378 - models.stage4_deeplearning - INFO - Training CNN_LSTM_Hybrid...
2025-08-02 12:40:49,380 - models.stage4_deeplearning - ERROR - Failed to train CNN_LSTM_Hybrid: ReduceLROnPlateau.__init__() got an unexpected keyword argument 'verbose'
2025-08-02 12:40:49,383 - models.stage4_deeplearning - ERROR - Stage 4 pipeline failed: No models trained successfully
2025-08-02 12:40:49,386 - __main__ - INFO - Stage 4 completed in 2.0 seconds
2025-08-02 12:40:49,387 - __main__ - INFO - Stage 4 result saved to: csv_data\stage_4_result.json
2025-08-02 12:40:49,387 - __main__ - INFO - 
============================================================
2025-08-02 12:40:49,387 - __main__ - INFO - Running Stage 5: Advanced Deep Learning
2025-08-02 12:40:49,387 - __main__ - INFO - Target Accuracy: 92.0%
2025-08-02 12:40:49,387 - models.stage5_attention - INFO - Using device: cpu
2025-08-02 12:40:49,387 - models.stage5_attention - INFO - Starting Stage 5: Advanced Deep Learning Pipeline
2025-08-02 12:40:49,388 - models.stage5_attention - INFO - Loading SEED-IV data for Stage 5...
2025-08-02 12:40:49,388 - data_processing.seed_iv_loader - INFO - SeedIVLoader initialized with base path: C:\Users\piyus\Downloads\SEED_IV\SEED_IV\eeg_feature_smooth
2025-08-02 12:40:49,388 - data_processing.seed_iv_loader - INFO - Loading subjects with balanced sampling from .mat files
2025-08-02 12:40:49,388 - data_processing.seed_iv_loader - INFO - Feature type: de_LDS
2025-08-02 12:40:49,388 - data_processing.seed_iv_loader - INFO - BALANCED SAMPLING MODE:
2025-08-02 12:40:49,388 - data_processing.seed_iv_loader - INFO -   Selected males: [1, 2, 6, 7] (4 subjects)
2025-08-02 12:40:49,389 - data_processing.seed_iv_loader - INFO -   Selected females: [3, 4, 5, 8, 9, 10] (6 subjects)
2025-08-02 12:40:49,389 - data_processing.seed_iv_loader - INFO -   Total subjects: [1, 2, 3, 4, 5, 6, 7, 8, 9, 10] (10 subjects)
2025-08-02 12:40:49,389 - data_processing.seed_iv_loader - INFO -   Gender ratio: 4/6 = 0.67
2025-08-02 12:40:49,389 - data_processing.seed_iv_loader - INFO - Loading Subject 1...
2025-08-02 12:40:49,389 - data_processing.seed_iv_loader - INFO - Loading data for Subject 1 (all sessions)
2025-08-02 12:40:49,544 - data_processing.seed_iv_loader - INFO - Loaded Subject 1: 2505 samples, 2 feature types
2025-08-02 12:40:49,545 - data_processing.seed_iv_loader - INFO - Subject 1: 2505 samples (natural, no truncation)
2025-08-02 12:40:49,545 - data_processing.seed_iv_loader - INFO -   Emotion distribution: Neutral=628, Sad=628, Fear=627, Happy=622
2025-08-02 12:40:49,545 - data_processing.seed_iv_loader - INFO -   Cumulative samples: 2505
2025-08-02 12:40:49,545 - data_processing.seed_iv_loader - INFO - Loading Subject 2...
2025-08-02 12:40:49,545 - data_processing.seed_iv_loader - INFO - Loading data for Subject 2 (all sessions)
2025-08-02 12:40:49,686 - data_processing.seed_iv_loader - INFO - Loaded Subject 2: 2505 samples, 2 feature types
2025-08-02 12:40:49,688 - data_processing.seed_iv_loader - INFO - Subject 2: 2505 samples (natural, no truncation)
2025-08-02 12:40:49,689 - data_processing.seed_iv_loader - INFO -   Emotion distribution: Neutral=628, Sad=628, Fear=627, Happy=622
2025-08-02 12:40:49,689 - data_processing.seed_iv_loader - INFO -   Cumulative samples: 5010
2025-08-02 12:40:49,690 - data_processing.seed_iv_loader - INFO - Loading Subject 3...
2025-08-02 12:40:49,690 - data_processing.seed_iv_loader - INFO - Loading data for Subject 3 (all sessions)
2025-08-02 12:40:49,833 - data_processing.seed_iv_loader - INFO - Loaded Subject 3: 2505 samples, 2 feature types
2025-08-02 12:40:49,834 - data_processing.seed_iv_loader - INFO - Subject 3: 2505 samples (natural, no truncation)
2025-08-02 12:40:49,835 - data_processing.seed_iv_loader - INFO -   Emotion distribution: Neutral=628, Sad=628, Fear=627, Happy=622
2025-08-02 12:40:49,835 - data_processing.seed_iv_loader - INFO -   Cumulative samples: 7515
2025-08-02 12:40:49,835 - data_processing.seed_iv_loader - INFO - Loading Subject 4...
2025-08-02 12:40:49,835 - data_processing.seed_iv_loader - INFO - Loading data for Subject 4 (all sessions)
2025-08-02 12:40:49,984 - data_processing.seed_iv_loader - INFO - Loaded Subject 4: 2505 samples, 2 feature types
2025-08-02 12:40:49,985 - data_processing.seed_iv_loader - INFO - Subject 4: 2505 samples (natural, no truncation)
2025-08-02 12:40:49,986 - data_processing.seed_iv_loader - INFO -   Emotion distribution: Neutral=628, Sad=628, Fear=627, Happy=622
2025-08-02 12:40:49,986 - data_processing.seed_iv_loader - INFO -   Cumulative samples: 10020
2025-08-02 12:40:49,986 - data_processing.seed_iv_loader - INFO - Reached target samples (10000), stopping at Subject 4
2025-08-02 12:40:49,994 - data_processing.seed_iv_loader - INFO - 
=== FINAL DATASET SUMMARY ===
2025-08-02 12:40:49,994 - data_processing.seed_iv_loader - INFO - Total samples: 10020
2025-08-02 12:40:49,995 - data_processing.seed_iv_loader - INFO - Feature dimensions: (10020, 310)
2025-08-02 12:40:49,995 - data_processing.seed_iv_loader - INFO - Subjects loaded: [1, 2, 3, 4]
2025-08-02 12:40:49,995 - data_processing.seed_iv_loader - INFO - Gender balance: 4 males + 6 females
2025-08-02 12:40:49,995 - data_processing.seed_iv_loader - INFO - 
Emotion Distribution:
2025-08-02 12:40:49,995 - data_processing.seed_iv_loader - INFO -   Neutral (0): 2512 (25.1%)
2025-08-02 12:40:49,996 - data_processing.seed_iv_loader - INFO -   Sad (1):     2512 (25.1%)
2025-08-02 12:40:49,996 - data_processing.seed_iv_loader - INFO -   Fear (2):    2508 (25.0%)
2025-08-02 12:40:49,996 - data_processing.seed_iv_loader - INFO -   Happy (3):   2488 (24.8%)
2025-08-02 12:40:49,996 - data_processing.seed_iv_loader - INFO - Emotion balance score: 0.998 (1.0 = perfect balance)
2025-08-02 12:40:49,996 - data_processing.seed_iv_loader - INFO - EXCELLENT emotion balance achieved!
2025-08-02 12:40:49,996 - data_processing.seed_iv_loader - INFO - Data source: Natural .mat files (no artificial truncation)
2025-08-02 12:40:49,996 - data_processing.seed_iv_loader - INFO - ===============================

2025-08-02 12:40:49,999 - models.stage5_attention - INFO - Loaded data: 10020 samples, 310 features
2025-08-02 12:40:50,009 - models.stage5_attention - INFO - Training: 5010 samples, Testing: 5010 samples
2025-08-02 12:40:50,104 - models.stage5_attention - INFO - Created 3 advanced deep learning models
2025-08-02 12:40:50,105 - models.stage5_attention - INFO - Training EEG_Transformer...
2025-08-02 12:40:50,133 - models.stage5_attention - ERROR - Failed to train EEG_Transformer: mat1 and mat2 shapes cannot be multiplied (1984x5 and 310x256)
2025-08-02 12:40:50,133 - models.stage5_attention - INFO - Training Dual_Branch_Attention...
2025-08-02 13:47:41,706 - __main__ - ERROR - Import error: No module named 'torch'
2025-08-02 13:47:41,706 - __main__ - ERROR - Make sure all required modules are in the correct directories
2025-08-02 13:48:10,573 - __main__ - INFO - Comprehensive Emotion Recognition System Initialized
2025-08-02 13:48:10,573 - __main__ - INFO - Output directory: csv_data
2025-08-02 13:48:10,573 - __main__ - INFO - Checkpoint directory: csv_data\checkpoints
2025-08-02 13:48:10,574 - __main__ - INFO - Checkpoint Status:
2025-08-02 13:48:10,574 - __main__ - INFO -   Stage 1: [Available]
2025-08-02 13:48:10,574 - __main__ - INFO -   Stage 2: [Available]
2025-08-02 13:48:10,574 - __main__ - INFO -   Stage 3: [Not found]
2025-08-02 13:48:10,574 - __main__ - INFO -   Stage 4: [Not found]
2025-08-02 13:48:10,574 - __main__ - INFO -   Stage 5: [Not found]
2025-08-02 13:48:10,574 - __main__ - INFO -   Stage 6: [Not found]
2025-08-02 13:48:12,267 - __main__ - INFO - Starting comprehensive pipeline for stages: [3, 4, 5, 6]
2025-08-02 13:48:12,267 - __main__ - INFO - Validating data access...
2025-08-02 13:48:12,267 - data_processing.seed_iv_loader - INFO - SeedIVLoader initialized with base path: C:\Users\piyus\Downloads\SEED_IV\SEED_IV\eeg_feature_smooth
2025-08-02 13:48:12,268 - data_processing.seed_iv_loader - INFO - Scanning SEED-IV dataset...
2025-08-02 13:48:12,268 - data_processing.seed_iv_loader - INFO - Session 1: Found 15 .mat files
2025-08-02 13:48:12,269 - data_processing.seed_iv_loader - INFO - Session 2: Found 15 .mat files
2025-08-02 13:48:12,269 - data_processing.seed_iv_loader - INFO - Session 3: Found 15 .mat files
2025-08-02 13:48:12,269 - data_processing.seed_iv_loader - INFO - Total files found: 45
2025-08-02 13:48:12,269 - __main__ - INFO - Data validation successful. Found 3 subjects
2025-08-02 13:48:12,270 - __main__ - INFO - 
============================================================
2025-08-02 13:48:12,270 - __main__ - INFO - Running Stage 3: Advanced ML
2025-08-02 13:48:12,270 - __main__ - INFO - Target Accuracy: 85.0%
2025-08-02 13:48:12,270 - models.stage3_advanced - INFO - Starting Stage 3: Advanced ML Pipeline
2025-08-02 13:48:12,270 - models.stage3_advanced - INFO - Loading SEED-IV data for Stage 3...
2025-08-02 13:48:12,270 - data_processing.seed_iv_loader - INFO - SeedIVLoader initialized with base path: C:\Users\piyus\Downloads\SEED_IV\SEED_IV\eeg_feature_smooth
2025-08-02 13:48:12,271 - data_processing.seed_iv_loader - INFO - Loading subjects with balanced sampling from .mat files
2025-08-02 13:48:12,271 - data_processing.seed_iv_loader - INFO - Feature type: de_LDS
2025-08-02 13:48:12,271 - data_processing.seed_iv_loader - INFO - BALANCED SAMPLING MODE:
2025-08-02 13:48:12,271 - data_processing.seed_iv_loader - INFO -   Selected males: [1, 2, 6, 7] (4 subjects)
2025-08-02 13:48:12,271 - data_processing.seed_iv_loader - INFO -   Selected females: [3, 4, 5, 8, 9, 10] (6 subjects)
2025-08-02 13:48:12,271 - data_processing.seed_iv_loader - INFO -   Total subjects: [1, 2, 3, 4, 5, 6, 7, 8, 9, 10] (10 subjects)
2025-08-02 13:48:12,271 - data_processing.seed_iv_loader - INFO -   Gender ratio: 4/6 = 0.67
2025-08-02 13:48:12,272 - data_processing.seed_iv_loader - INFO - Loading Subject 1...
2025-08-02 13:48:12,272 - data_processing.seed_iv_loader - INFO - Loading data for Subject 1 (all sessions)
2025-08-02 13:48:12,427 - data_processing.seed_iv_loader - INFO - Loaded Subject 1: 2505 samples, 2 feature types
2025-08-02 13:48:12,429 - data_processing.seed_iv_loader - INFO - Subject 1: 2505 samples (natural, no truncation)
2025-08-02 13:48:12,429 - data_processing.seed_iv_loader - INFO -   Emotion distribution: Neutral=628, Sad=628, Fear=627, Happy=622
2025-08-02 13:48:12,429 - data_processing.seed_iv_loader - INFO -   Cumulative samples: 2505
2025-08-02 13:48:12,429 - data_processing.seed_iv_loader - INFO - Loading Subject 2...
2025-08-02 13:48:12,430 - data_processing.seed_iv_loader - INFO - Loading data for Subject 2 (all sessions)
2025-08-02 13:48:12,583 - data_processing.seed_iv_loader - INFO - Loaded Subject 2: 2505 samples, 2 feature types
2025-08-02 13:48:12,584 - data_processing.seed_iv_loader - INFO - Subject 2: 2505 samples (natural, no truncation)
2025-08-02 13:48:12,584 - data_processing.seed_iv_loader - INFO -   Emotion distribution: Neutral=628, Sad=628, Fear=627, Happy=622
2025-08-02 13:48:12,584 - data_processing.seed_iv_loader - INFO -   Cumulative samples: 5010
2025-08-02 13:48:12,584 - data_processing.seed_iv_loader - INFO - Loading Subject 3...
2025-08-02 13:48:12,584 - data_processing.seed_iv_loader - INFO - Loading data for Subject 3 (all sessions)
2025-08-02 13:48:12,729 - data_processing.seed_iv_loader - INFO - Loaded Subject 3: 2505 samples, 2 feature types
2025-08-02 13:48:12,731 - data_processing.seed_iv_loader - INFO - Subject 3: 2505 samples (natural, no truncation)
2025-08-02 13:48:12,732 - data_processing.seed_iv_loader - INFO -   Emotion distribution: Neutral=628, Sad=628, Fear=627, Happy=622
2025-08-02 13:48:12,732 - data_processing.seed_iv_loader - INFO -   Cumulative samples: 7515
2025-08-02 13:48:12,732 - data_processing.seed_iv_loader - INFO - Loading Subject 4...
2025-08-02 13:48:12,732 - data_processing.seed_iv_loader - INFO - Loading data for Subject 4 (all sessions)
2025-08-02 13:48:12,875 - data_processing.seed_iv_loader - INFO - Loaded Subject 4: 2505 samples, 2 feature types
2025-08-02 13:48:12,877 - data_processing.seed_iv_loader - INFO - Subject 4: 2505 samples (natural, no truncation)
2025-08-02 13:48:12,877 - data_processing.seed_iv_loader - INFO -   Emotion distribution: Neutral=628, Sad=628, Fear=627, Happy=622
2025-08-02 13:48:12,877 - data_processing.seed_iv_loader - INFO -   Cumulative samples: 10020
2025-08-02 13:48:12,878 - data_processing.seed_iv_loader - INFO - Reached target samples (10000), stopping at Subject 4
2025-08-02 13:48:12,882 - data_processing.seed_iv_loader - INFO - 
=== FINAL DATASET SUMMARY ===
2025-08-02 13:48:12,882 - data_processing.seed_iv_loader - INFO - Total samples: 10020
2025-08-02 13:48:12,883 - data_processing.seed_iv_loader - INFO - Feature dimensions: (10020, 310)
2025-08-02 13:48:12,883 - data_processing.seed_iv_loader - INFO - Subjects loaded: [1, 2, 3, 4]
2025-08-02 13:48:12,883 - data_processing.seed_iv_loader - INFO - Gender balance: 4 males + 6 females
2025-08-02 13:48:12,883 - data_processing.seed_iv_loader - INFO - 
Emotion Distribution:
2025-08-02 13:48:12,883 - data_processing.seed_iv_loader - INFO -   Neutral (0): 2512 (25.1%)
2025-08-02 13:48:12,883 - data_processing.seed_iv_loader - INFO -   Sad (1):     2512 (25.1%)
2025-08-02 13:48:12,884 - data_processing.seed_iv_loader - INFO -   Fear (2):    2508 (25.0%)
2025-08-02 13:48:12,884 - data_processing.seed_iv_loader - INFO -   Happy (3):   2488 (24.8%)
2025-08-02 13:48:12,884 - data_processing.seed_iv_loader - INFO - Emotion balance score: 0.998 (1.0 = perfect balance)
2025-08-02 13:48:12,884 - data_processing.seed_iv_loader - INFO - EXCELLENT emotion balance achieved!
2025-08-02 13:48:12,884 - data_processing.seed_iv_loader - INFO - Data source: Natural .mat files (no artificial truncation)
2025-08-02 13:48:12,884 - data_processing.seed_iv_loader - INFO - ===============================

2025-08-02 13:48:12,885 - models.stage3_advanced - INFO - Loaded data: 10020 samples, 310 features
2025-08-02 13:48:12,886 - models.stage3_advanced - INFO - Class distribution: {0: 2512, 1: 2512, 2: 2508, 3: 2488}
2025-08-02 13:48:12,895 - models.stage3_advanced - INFO - Training set: 5010 samples from subjects [1 2]
2025-08-02 13:48:12,895 - models.stage3_advanced - INFO - Test set: 5010 samples from subjects [3 4]
2025-08-02 13:48:12,897 - models.stage3_advanced - INFO - Training Stage 3: Advanced ML Models
2025-08-02 13:48:12,963 - models.stage3_advanced - INFO - Performing advanced feature selection: 310 -> 50
2025-08-02 13:49:52,737 - models.stage3_advanced - INFO - Feature selection completed: 50 features selected
2025-08-02 13:49:52,742 - models.stage3_advanced - INFO - Final feature dimensions: 50
2025-08-02 13:49:52,742 - models.stage3_advanced - INFO - Created 4 advanced ML models
2025-08-02 13:49:52,742 - models.stage3_advanced - INFO - Training XGBoost...
2025-08-02 13:49:52,742 - models.stage3_advanced - INFO - Using simplified GridSearch for XGBoost
2025-08-02 13:49:55,390 - models.stage3_advanced - INFO - XGBoost - CV: 0.9158±0.0086, Test: 0.2729
2025-08-02 13:49:55,390 - models.stage3_advanced - INFO - Training LightGBM...
2025-08-02 13:49:55,390 - models.stage3_advanced - INFO - Using simplified GridSearch for LightGBM
2025-08-02 13:49:57,344 - models.stage3_advanced - INFO - LightGBM - CV: 0.9255±0.0046, Test: 0.2641
2025-08-02 13:49:57,345 - models.stage3_advanced - INFO - Training RandomForest_Optimized...
2025-08-02 13:49:57,345 - models.stage3_advanced - INFO - Using simplified GridSearch for RandomForest_Optimized
2025-08-02 13:49:58,934 - models.stage3_advanced - INFO - RandomForest_Optimized - CV: 0.7992±0.0159, Test: 0.2481
2025-08-02 13:49:58,934 - models.stage3_advanced - INFO - Training ExtraTrees...
2025-08-02 13:49:58,934 - models.stage3_advanced - INFO - Using simplified GridSearch for ExtraTrees
2025-08-02 13:49:59,418 - models.stage3_advanced - INFO - ExtraTrees - CV: 0.7271±0.0084, Test: 0.2557
2025-08-02 13:49:59,418 - models.stage3_advanced - INFO - Creating ensemble model...
2025-08-02 13:49:59,961 - models.stage3_advanced - INFO - Ensemble - Test Accuracy: 0.2826
2025-08-02 13:49:59,961 - models.stage3_advanced - INFO - Stage 3 best model: Ensemble (Accuracy: 0.2826)
2025-08-02 13:49:59,963 - models.stage3_advanced - INFO - Stage 3 Target NOT ACHIEVED: 28.3% vs 85.0%
2025-08-02 13:49:59,976 - models.stage3_advanced - INFO - Stage 3 results saved to: csv_data\stage3_advanced_ml_results.json
2025-08-02 13:49:59,976 - models.stage3_advanced - INFO - Stage 3 completed successfully in 107.7 seconds
2025-08-02 13:49:59,977 - __main__ - INFO - Target accuracy NOT ACHIEVED: 28.3% vs 85.0%
2025-08-02 13:50:00,049 - __main__ - WARNING - Failed to save checkpoint for stage 3: Can't pickle <function AdvancedMLModel.advanced_feature_selection.<locals>.<lambda> at 0x000001D7C30414E0>: it's not found as models.stage3_advanced.AdvancedMLModel.advanced_feature_selection.<locals>.<lambda>
2025-08-02 13:50:00,050 - __main__ - INFO - Stage 3 completed in 107.7 seconds
2025-08-02 13:50:00,061 - __main__ - INFO - Stage 3 result saved to: csv_data\stage_3_result.json
2025-08-02 13:50:00,061 - __main__ - INFO - 
============================================================
2025-08-02 13:50:00,061 - __main__ - INFO - Running Stage 4: Deep Learning Foundation
2025-08-02 13:50:00,061 - __main__ - INFO - Target Accuracy: 88.0%
2025-08-02 13:50:00,061 - models.stage4_deeplearning - INFO - Using device: cpu
2025-08-02 13:50:00,062 - models.stage4_deeplearning - INFO - Starting Stage 4: Deep Learning Pipeline
2025-08-02 13:50:00,062 - models.stage4_deeplearning - INFO - Loading SEED-IV data for Stage 4...
2025-08-02 13:50:00,062 - data_processing.seed_iv_loader - INFO - SeedIVLoader initialized with base path: C:\Users\piyus\Downloads\SEED_IV\SEED_IV\eeg_feature_smooth
2025-08-02 13:50:00,062 - data_processing.seed_iv_loader - INFO - Loading subjects with balanced sampling from .mat files
2025-08-02 13:50:00,062 - data_processing.seed_iv_loader - INFO - Feature type: de_LDS
2025-08-02 13:50:00,062 - data_processing.seed_iv_loader - INFO - BALANCED SAMPLING MODE:
2025-08-02 13:50:00,062 - data_processing.seed_iv_loader - INFO -   Selected males: [1, 2, 6, 7] (4 subjects)
2025-08-02 13:50:00,062 - data_processing.seed_iv_loader - INFO -   Selected females: [3, 4, 5, 8, 9, 10] (6 subjects)
2025-08-02 13:50:00,062 - data_processing.seed_iv_loader - INFO -   Total subjects: [1, 2, 3, 4, 5, 6, 7, 8, 9, 10] (10 subjects)
2025-08-02 13:50:00,063 - data_processing.seed_iv_loader - INFO -   Gender ratio: 4/6 = 0.67
2025-08-02 13:50:00,063 - data_processing.seed_iv_loader - INFO - Loading Subject 1...
2025-08-02 13:50:00,063 - data_processing.seed_iv_loader - INFO - Loading data for Subject 1 (all sessions)
2025-08-02 13:50:00,217 - data_processing.seed_iv_loader - INFO - Loaded Subject 1: 2505 samples, 2 feature types
2025-08-02 13:50:00,220 - data_processing.seed_iv_loader - INFO - Subject 1: 2505 samples (natural, no truncation)
2025-08-02 13:50:00,220 - data_processing.seed_iv_loader - INFO -   Emotion distribution: Neutral=628, Sad=628, Fear=627, Happy=622
2025-08-02 13:50:00,220 - data_processing.seed_iv_loader - INFO -   Cumulative samples: 2505
2025-08-02 13:50:00,221 - data_processing.seed_iv_loader - INFO - Loading Subject 2...
2025-08-02 13:50:00,221 - data_processing.seed_iv_loader - INFO - Loading data for Subject 2 (all sessions)
2025-08-02 13:50:00,380 - data_processing.seed_iv_loader - INFO - Loaded Subject 2: 2505 samples, 2 feature types
2025-08-02 13:50:00,382 - data_processing.seed_iv_loader - INFO - Subject 2: 2505 samples (natural, no truncation)
2025-08-02 13:50:00,383 - data_processing.seed_iv_loader - INFO -   Emotion distribution: Neutral=628, Sad=628, Fear=627, Happy=622
2025-08-02 13:50:00,383 - data_processing.seed_iv_loader - INFO -   Cumulative samples: 5010
2025-08-02 13:50:00,384 - data_processing.seed_iv_loader - INFO - Loading Subject 3...
2025-08-02 13:50:00,384 - data_processing.seed_iv_loader - INFO - Loading data for Subject 3 (all sessions)
2025-08-02 13:50:00,536 - data_processing.seed_iv_loader - INFO - Loaded Subject 3: 2505 samples, 2 feature types
2025-08-02 13:50:00,537 - data_processing.seed_iv_loader - INFO - Subject 3: 2505 samples (natural, no truncation)
2025-08-02 13:50:00,537 - data_processing.seed_iv_loader - INFO -   Emotion distribution: Neutral=628, Sad=628, Fear=627, Happy=622
2025-08-02 13:50:00,537 - data_processing.seed_iv_loader - INFO -   Cumulative samples: 7515
2025-08-02 13:50:00,538 - data_processing.seed_iv_loader - INFO - Loading Subject 4...
2025-08-02 13:50:00,538 - data_processing.seed_iv_loader - INFO - Loading data for Subject 4 (all sessions)
2025-08-02 13:50:00,699 - data_processing.seed_iv_loader - INFO - Loaded Subject 4: 2505 samples, 2 feature types
2025-08-02 13:50:00,702 - data_processing.seed_iv_loader - INFO - Subject 4: 2505 samples (natural, no truncation)
2025-08-02 13:50:00,703 - data_processing.seed_iv_loader - INFO -   Emotion distribution: Neutral=628, Sad=628, Fear=627, Happy=622
2025-08-02 13:50:00,703 - data_processing.seed_iv_loader - INFO -   Cumulative samples: 10020
2025-08-02 13:50:00,703 - data_processing.seed_iv_loader - INFO - Reached target samples (10000), stopping at Subject 4
2025-08-02 13:50:00,710 - data_processing.seed_iv_loader - INFO - 
=== FINAL DATASET SUMMARY ===
2025-08-02 13:50:00,711 - data_processing.seed_iv_loader - INFO - Total samples: 10020
2025-08-02 13:50:00,711 - data_processing.seed_iv_loader - INFO - Feature dimensions: (10020, 310)
2025-08-02 13:50:00,711 - data_processing.seed_iv_loader - INFO - Subjects loaded: [1, 2, 3, 4]
2025-08-02 13:50:00,711 - data_processing.seed_iv_loader - INFO - Gender balance: 4 males + 6 females
2025-08-02 13:50:00,712 - data_processing.seed_iv_loader - INFO - 
Emotion Distribution:
2025-08-02 13:50:00,712 - data_processing.seed_iv_loader - INFO -   Neutral (0): 2512 (25.1%)
2025-08-02 13:50:00,712 - data_processing.seed_iv_loader - INFO -   Sad (1):     2512 (25.1%)
2025-08-02 13:50:00,712 - data_processing.seed_iv_loader - INFO -   Fear (2):    2508 (25.0%)
2025-08-02 13:50:00,712 - data_processing.seed_iv_loader - INFO -   Happy (3):   2488 (24.8%)
2025-08-02 13:50:00,712 - data_processing.seed_iv_loader - INFO - Emotion balance score: 0.998 (1.0 = perfect balance)
2025-08-02 13:50:00,712 - data_processing.seed_iv_loader - INFO - EXCELLENT emotion balance achieved!
2025-08-02 13:50:00,713 - data_processing.seed_iv_loader - INFO - Data source: Natural .mat files (no artificial truncation)
2025-08-02 13:50:00,713 - data_processing.seed_iv_loader - INFO - ===============================

2025-08-02 13:50:00,716 - models.stage4_deeplearning - INFO - Loaded data: 10020 samples, 310 features
2025-08-02 13:50:00,726 - models.stage4_deeplearning - INFO - Training: 5010 samples, Testing: 5010 samples
2025-08-02 13:50:00,729 - models.stage4_deeplearning - INFO - Training Stage 4: Deep Learning Models
2025-08-02 13:50:00,780 - models.stage4_deeplearning - INFO - Created 3 deep learning models
2025-08-02 13:50:00,780 - models.stage4_deeplearning - INFO - Training CNN_2D...
2025-08-02 13:50:57,830 - models.stage4_deeplearning - INFO - Epoch [20/100], Loss: 0.8118, Val Acc: 0.7176
2025-08-02 13:51:52,981 - models.stage4_deeplearning - INFO - Epoch [40/100], Loss: 0.6751, Val Acc: 0.7625
2025-08-02 13:52:49,897 - models.stage4_deeplearning - INFO - Epoch [60/100], Loss: 0.5985, Val Acc: 0.7794
2025-08-02 13:53:28,327 - models.stage4_deeplearning - INFO - Early stopping at epoch 74
2025-08-02 13:53:29,070 - models.stage4_deeplearning - INFO - CNN_2D - Val: 0.8054, Test: 0.2529
2025-08-02 13:53:29,070 - models.stage4_deeplearning - INFO - Training LSTM_Attention...
2025-08-02 13:53:29,079 - models.stage4_deeplearning - ERROR - Failed to train LSTM_Attention: shape '[32, 62, 5]' is invalid for input of size 4096
2025-08-02 13:53:29,079 - models.stage4_deeplearning - INFO - Training CNN_LSTM_Hybrid...
2025-08-02 13:53:29,086 - models.stage4_deeplearning - ERROR - Failed to train CNN_LSTM_Hybrid: input.size(-1) must be equal to input_size. Expected 64, got 320
2025-08-02 13:53:29,086 - models.stage4_deeplearning - INFO - Stage 4 best model: CNN_2D (Accuracy: 0.2529)
2025-08-02 13:53:29,090 - models.stage4_deeplearning - INFO - Stage 4 Target NOT ACHIEVED: 25.3% vs 88.0%
2025-08-02 13:53:29,096 - models.stage4_deeplearning - INFO - Stage 4 results saved to: csv_data\stage4_deep_learning_results.json
2025-08-02 13:53:29,096 - models.stage4_deeplearning - INFO - Stage 4 completed successfully in 209.0 seconds
2025-08-02 13:53:29,098 - __main__ - INFO - Target accuracy NOT ACHIEVED: 25.3% vs 88.0%
2025-08-02 13:53:29,108 - __main__ - INFO - Checkpoint saved: csv_data\checkpoints\stage_4_checkpoint.joblib
2025-08-02 13:53:29,108 - __main__ - INFO - Stage 4 completed in 209.0 seconds
2025-08-02 13:53:29,110 - __main__ - INFO - Stage 4 result saved to: csv_data\stage_4_result.json
2025-08-02 13:53:29,110 - __main__ - INFO - 
============================================================
2025-08-02 13:53:29,110 - __main__ - INFO - Running Stage 5: Advanced Deep Learning
2025-08-02 13:53:29,110 - __main__ - INFO - Target Accuracy: 92.0%
2025-08-02 13:53:29,110 - models.stage5_attention - INFO - Using device: cpu
2025-08-02 13:53:29,111 - models.stage5_attention - INFO - Starting Stage 5: Advanced Deep Learning Pipeline
2025-08-02 13:53:29,111 - models.stage5_attention - INFO - Loading SEED-IV data for Stage 5...
2025-08-02 13:53:29,111 - data_processing.seed_iv_loader - INFO - SeedIVLoader initialized with base path: C:\Users\piyus\Downloads\SEED_IV\SEED_IV\eeg_feature_smooth
2025-08-02 13:53:29,111 - data_processing.seed_iv_loader - INFO - Loading subjects with balanced sampling from .mat files
2025-08-02 13:53:29,112 - data_processing.seed_iv_loader - INFO - Feature type: de_LDS
2025-08-02 13:53:29,112 - data_processing.seed_iv_loader - INFO - BALANCED SAMPLING MODE:
2025-08-02 13:53:29,112 - data_processing.seed_iv_loader - INFO -   Selected males: [1, 2, 6, 7] (4 subjects)
2025-08-02 13:53:29,112 - data_processing.seed_iv_loader - INFO -   Selected females: [3, 4, 5, 8, 9, 10] (6 subjects)
2025-08-02 13:53:29,112 - data_processing.seed_iv_loader - INFO -   Total subjects: [1, 2, 3, 4, 5, 6, 7, 8, 9, 10] (10 subjects)
2025-08-02 13:53:29,112 - data_processing.seed_iv_loader - INFO -   Gender ratio: 4/6 = 0.67
2025-08-02 13:53:29,112 - data_processing.seed_iv_loader - INFO - Loading Subject 1...
2025-08-02 13:53:29,112 - data_processing.seed_iv_loader - INFO - Loading data for Subject 1 (all sessions)
2025-08-02 13:53:29,267 - data_processing.seed_iv_loader - INFO - Loaded Subject 1: 2505 samples, 2 feature types
2025-08-02 13:53:29,267 - data_processing.seed_iv_loader - INFO - Subject 1: 2505 samples (natural, no truncation)
2025-08-02 13:53:29,268 - data_processing.seed_iv_loader - INFO -   Emotion distribution: Neutral=628, Sad=628, Fear=627, Happy=622
2025-08-02 13:53:29,268 - data_processing.seed_iv_loader - INFO -   Cumulative samples: 2505
2025-08-02 13:53:29,268 - data_processing.seed_iv_loader - INFO - Loading Subject 2...
2025-08-02 13:53:29,269 - data_processing.seed_iv_loader - INFO - Loading data for Subject 2 (all sessions)
2025-08-02 13:53:29,407 - data_processing.seed_iv_loader - INFO - Loaded Subject 2: 2505 samples, 2 feature types
2025-08-02 13:53:29,408 - data_processing.seed_iv_loader - INFO - Subject 2: 2505 samples (natural, no truncation)
2025-08-02 13:53:29,409 - data_processing.seed_iv_loader - INFO -   Emotion distribution: Neutral=628, Sad=628, Fear=627, Happy=622
2025-08-02 13:53:29,409 - data_processing.seed_iv_loader - INFO -   Cumulative samples: 5010
2025-08-02 13:53:29,409 - data_processing.seed_iv_loader - INFO - Loading Subject 3...
2025-08-02 13:53:29,410 - data_processing.seed_iv_loader - INFO - Loading data for Subject 3 (all sessions)
2025-08-02 13:53:29,546 - data_processing.seed_iv_loader - INFO - Loaded Subject 3: 2505 samples, 2 feature types
2025-08-02 13:53:29,547 - data_processing.seed_iv_loader - INFO - Subject 3: 2505 samples (natural, no truncation)
2025-08-02 13:53:29,548 - data_processing.seed_iv_loader - INFO -   Emotion distribution: Neutral=628, Sad=628, Fear=627, Happy=622
2025-08-02 13:53:29,548 - data_processing.seed_iv_loader - INFO -   Cumulative samples: 7515
2025-08-02 13:53:29,548 - data_processing.seed_iv_loader - INFO - Loading Subject 4...
2025-08-02 13:53:29,548 - data_processing.seed_iv_loader - INFO - Loading data for Subject 4 (all sessions)
2025-08-02 13:53:29,690 - data_processing.seed_iv_loader - INFO - Loaded Subject 4: 2505 samples, 2 feature types
2025-08-02 13:53:29,691 - data_processing.seed_iv_loader - INFO - Subject 4: 2505 samples (natural, no truncation)
2025-08-02 13:53:29,692 - data_processing.seed_iv_loader - INFO -   Emotion distribution: Neutral=628, Sad=628, Fear=627, Happy=622
2025-08-02 13:53:29,692 - data_processing.seed_iv_loader - INFO -   Cumulative samples: 10020
2025-08-02 13:53:29,692 - data_processing.seed_iv_loader - INFO - Reached target samples (10000), stopping at Subject 4
2025-08-02 13:53:29,700 - data_processing.seed_iv_loader - INFO - 
=== FINAL DATASET SUMMARY ===
2025-08-02 13:53:29,700 - data_processing.seed_iv_loader - INFO - Total samples: 10020
2025-08-02 13:53:29,701 - data_processing.seed_iv_loader - INFO - Feature dimensions: (10020, 310)
2025-08-02 13:53:29,701 - data_processing.seed_iv_loader - INFO - Subjects loaded: [1, 2, 3, 4]
2025-08-02 13:53:29,701 - data_processing.seed_iv_loader - INFO - Gender balance: 4 males + 6 females
2025-08-02 13:53:29,702 - data_processing.seed_iv_loader - INFO - 
Emotion Distribution:
2025-08-02 13:53:29,702 - data_processing.seed_iv_loader - INFO -   Neutral (0): 2512 (25.1%)
2025-08-02 13:53:29,702 - data_processing.seed_iv_loader - INFO -   Sad (1):     2512 (25.1%)
2025-08-02 13:53:29,703 - data_processing.seed_iv_loader - INFO -   Fear (2):    2508 (25.0%)
2025-08-02 13:53:29,703 - data_processing.seed_iv_loader - INFO -   Happy (3):   2488 (24.8%)
2025-08-02 13:53:29,703 - data_processing.seed_iv_loader - INFO - Emotion balance score: 0.998 (1.0 = perfect balance)
2025-08-02 13:53:29,703 - data_processing.seed_iv_loader - INFO - EXCELLENT emotion balance achieved!
2025-08-02 13:53:29,704 - data_processing.seed_iv_loader - INFO - Data source: Natural .mat files (no artificial truncation)
2025-08-02 13:53:29,704 - data_processing.seed_iv_loader - INFO - ===============================

2025-08-02 13:53:29,706 - models.stage5_attention - INFO - Loaded data: 10020 samples, 310 features
2025-08-02 13:53:29,714 - models.stage5_attention - INFO - Training: 5010 samples, Testing: 5010 samples
2025-08-02 13:53:29,772 - models.stage5_attention - INFO - Created 3 advanced deep learning models
2025-08-02 13:53:29,773 - models.stage5_attention - INFO - Training EEG_Transformer...
2025-08-02 14:21:22,553 - models.stage5_attention - INFO - Epoch [25/150], Loss: 0.5650, Val Acc: 0.8772, LR: 0.000015
2025-08-02 14:49:49,319 - models.stage5_attention - INFO - Epoch [50/150], Loss: 0.5458, Val Acc: 0.8593, LR: 0.000051
2025-08-02 15:17:22,439 - models.stage5_attention - INFO - Epoch [75/150], Loss: 0.5600, Val Acc: 0.8802, LR: 0.000099
2025-08-02 15:35:42,117 - models.stage5_attention - INFO - Early stopping at epoch 94
2025-08-02 15:35:52,800 - models.stage5_attention - INFO - EEG_Transformer - Val: 0.9361, Test: 0.2381
2025-08-02 15:35:52,800 - models.stage5_attention - INFO - Training Dual_Branch_Attention...
2025-08-02 15:58:55,647 - models.stage5_attention - INFO - Epoch [25/150], Loss: 0.5576, Val Acc: 0.8872, LR: 0.000015
2025-08-02 16:23:17,098 - models.stage5_attention - INFO - Epoch [50/150], Loss: 0.5532, Val Acc: 0.8663, LR: 0.000051
2025-08-02 16:28:15,831 - models.stage5_attention - INFO - Early stopping at epoch 55
2025-08-02 16:28:28,049 - models.stage5_attention - INFO - Dual_Branch_Attention - Val: 0.9022, Test: 0.2509
2025-08-02 16:28:28,049 - models.stage5_attention - INFO - Training Multi_Scale_CNN...
2025-08-02 16:28:28,081 - models.stage5_attention - ERROR - Failed to train Multi_Scale_CNN: The size of tensor a (192) must match the size of tensor b (64) at non-singleton dimension 1
2025-08-02 16:28:28,082 - models.stage5_attention - INFO - Stage 5 Target NOT ACHIEVED: 25.1% vs 92.0%
2025-08-02 16:28:28,092 - models.stage5_attention - INFO - Stage 5 results saved to: csv_data\stage5_advanced_dl_results.json
2025-08-02 16:28:28,092 - models.stage5_attention - INFO - Stage 5 completed in 9299.0 seconds
2025-08-02 16:28:28,096 - __main__ - INFO - Target accuracy NOT ACHIEVED: 25.1% vs 92.0%
2025-08-02 16:28:28,174 - __main__ - INFO - Checkpoint saved: csv_data\checkpoints\stage_5_checkpoint.joblib
2025-08-02 16:28:28,174 - __main__ - INFO - Stage 5 completed in 9299.0 seconds
2025-08-02 16:28:28,177 - __main__ - INFO - Stage 5 result saved to: csv_data\stage_5_result.json
2025-08-02 16:28:28,177 - __main__ - INFO - 
============================================================
2025-08-02 16:28:28,177 - __main__ - INFO - Running Stage 6: State-of-Art Models
2025-08-02 16:28:28,178 - __main__ - INFO - Target Accuracy: 96.0%
2025-08-02 16:28:28,178 - models.stage6_transformer - INFO - Using device: cpu
2025-08-02 16:28:28,178 - models.stage6_transformer - INFO - Starting Stage 6: State-of-the-Art Pipeline
2025-08-02 16:28:28,178 - models.stage6_transformer - INFO - Loading SEED-IV data for Stage 6...
2025-08-02 16:28:28,179 - data_processing.seed_iv_loader - INFO - SeedIVLoader initialized with base path: C:\Users\piyus\Downloads\SEED_IV\SEED_IV\eeg_feature_smooth
2025-08-02 16:28:28,179 - data_processing.seed_iv_loader - INFO - Loading subjects with balanced sampling from .mat files
2025-08-02 16:28:28,179 - data_processing.seed_iv_loader - INFO - Feature type: de_LDS
2025-08-02 16:28:28,179 - data_processing.seed_iv_loader - INFO - BALANCED SAMPLING MODE:
2025-08-02 16:28:28,180 - data_processing.seed_iv_loader - INFO -   Selected males: [1, 2, 6, 7] (4 subjects)
2025-08-02 16:28:28,180 - data_processing.seed_iv_loader - INFO -   Selected females: [3, 4, 5, 8, 9, 10] (6 subjects)
2025-08-02 16:28:28,180 - data_processing.seed_iv_loader - INFO -   Total subjects: [1, 2, 3, 4, 5, 6, 7, 8, 9, 10] (10 subjects)
2025-08-02 16:28:28,180 - data_processing.seed_iv_loader - INFO -   Gender ratio: 4/6 = 0.67
2025-08-02 16:28:28,180 - data_processing.seed_iv_loader - INFO - Loading Subject 1...
2025-08-02 16:28:28,180 - data_processing.seed_iv_loader - INFO - Loading data for Subject 1 (all sessions)
2025-08-02 16:28:28,331 - data_processing.seed_iv_loader - INFO - Loaded Subject 1: 2505 samples, 2 feature types
2025-08-02 16:28:28,331 - data_processing.seed_iv_loader - INFO - Subject 1: 2505 samples (natural, no truncation)
2025-08-02 16:28:28,332 - data_processing.seed_iv_loader - INFO -   Emotion distribution: Neutral=628, Sad=628, Fear=627, Happy=622
2025-08-02 16:28:28,332 - data_processing.seed_iv_loader - INFO -   Cumulative samples: 2505
2025-08-02 16:28:28,332 - data_processing.seed_iv_loader - INFO - Loading Subject 2...
2025-08-02 16:28:28,332 - data_processing.seed_iv_loader - INFO - Loading data for Subject 2 (all sessions)
2025-08-02 16:28:28,469 - data_processing.seed_iv_loader - INFO - Loaded Subject 2: 2505 samples, 2 feature types
2025-08-02 16:28:28,470 - data_processing.seed_iv_loader - INFO - Subject 2: 2505 samples (natural, no truncation)
2025-08-02 16:28:28,470 - data_processing.seed_iv_loader - INFO -   Emotion distribution: Neutral=628, Sad=628, Fear=627, Happy=622
2025-08-02 16:28:28,471 - data_processing.seed_iv_loader - INFO -   Cumulative samples: 5010
2025-08-02 16:28:28,471 - data_processing.seed_iv_loader - INFO - Loading Subject 3...
2025-08-02 16:28:28,471 - data_processing.seed_iv_loader - INFO - Loading data for Subject 3 (all sessions)
2025-08-02 16:28:28,606 - data_processing.seed_iv_loader - INFO - Loaded Subject 3: 2505 samples, 2 feature types
2025-08-02 16:28:28,607 - data_processing.seed_iv_loader - INFO - Subject 3: 2505 samples (natural, no truncation)
2025-08-02 16:28:28,608 - data_processing.seed_iv_loader - INFO -   Emotion distribution: Neutral=628, Sad=628, Fear=627, Happy=622
2025-08-02 16:28:28,609 - data_processing.seed_iv_loader - INFO -   Cumulative samples: 7515
2025-08-02 16:28:28,609 - data_processing.seed_iv_loader - INFO - Loading Subject 4...
2025-08-02 16:28:28,609 - data_processing.seed_iv_loader - INFO - Loading data for Subject 4 (all sessions)
2025-08-02 16:28:28,762 - data_processing.seed_iv_loader - INFO - Loaded Subject 4: 2505 samples, 2 feature types
2025-08-02 16:28:28,763 - data_processing.seed_iv_loader - INFO - Subject 4: 2505 samples (natural, no truncation)
2025-08-02 16:28:28,763 - data_processing.seed_iv_loader - INFO -   Emotion distribution: Neutral=628, Sad=628, Fear=627, Happy=622
2025-08-02 16:28:28,763 - data_processing.seed_iv_loader - INFO -   Cumulative samples: 10020
2025-08-02 16:28:28,764 - data_processing.seed_iv_loader - INFO - Reached target samples (10000), stopping at Subject 4
2025-08-02 16:28:28,770 - data_processing.seed_iv_loader - INFO - 
=== FINAL DATASET SUMMARY ===
2025-08-02 16:28:28,771 - data_processing.seed_iv_loader - INFO - Total samples: 10020
2025-08-02 16:28:28,771 - data_processing.seed_iv_loader - INFO - Feature dimensions: (10020, 310)
2025-08-02 16:28:28,772 - data_processing.seed_iv_loader - INFO - Subjects loaded: [1, 2, 3, 4]
2025-08-02 16:28:28,772 - data_processing.seed_iv_loader - INFO - Gender balance: 4 males + 6 females
2025-08-02 16:28:28,772 - data_processing.seed_iv_loader - INFO - 
Emotion Distribution:
2025-08-02 16:28:28,772 - data_processing.seed_iv_loader - INFO -   Neutral (0): 2512 (25.1%)
2025-08-02 16:28:28,772 - data_processing.seed_iv_loader - INFO -   Sad (1):     2512 (25.1%)
2025-08-02 16:28:28,772 - data_processing.seed_iv_loader - INFO -   Fear (2):    2508 (25.0%)
2025-08-02 16:28:28,772 - data_processing.seed_iv_loader - INFO -   Happy (3):   2488 (24.8%)
2025-08-02 16:28:28,773 - data_processing.seed_iv_loader - INFO - Emotion balance score: 0.998 (1.0 = perfect balance)
2025-08-02 16:28:28,773 - data_processing.seed_iv_loader - INFO - EXCELLENT emotion balance achieved!
2025-08-02 16:28:28,773 - data_processing.seed_iv_loader - INFO - Data source: Natural .mat files (no artificial truncation)
2025-08-02 16:28:28,773 - data_processing.seed_iv_loader - INFO - ===============================

2025-08-02 16:28:28,776 - models.stage6_transformer - INFO - Loaded data: 10020 samples, 310 features
2025-08-02 16:28:28,785 - models.stage6_transformer - INFO - Training: 5010 samples, Testing: 5010 samples
2025-08-02 16:28:29,206 - models.stage6_transformer - INFO - Created 2 state-of-the-art models
2025-08-02 16:28:29,207 - models.stage6_transformer - INFO - Training EEG_ViT_Base...
2025-08-02 17:03:53,107 - models.stage6_transformer - INFO - Epoch [30/200], Loss: 0.1113, Val Acc: 0.8134, LR: 0.00003000
2025-08-02 17:38:13,161 - models.stage6_transformer - INFO - Epoch [60/200], Loss: 0.0702, Val Acc: 0.8982, LR: 0.00001500
